"ID","age","value"
"1.1.1.1","16 to 19",1
"1.1.1.1","20 to 24",11
"1.1.1.1","25 to 34",134
"1.1.1.1","35 to 44",289
"1.1.1.1","45 to 54",518
"1.1.1.1","55 to 64",487
"1.1.1.1","65+",163
"1.1.1.10","16 to 19",0
"1.1.1.10","20 to 24",0
"1.1.1.10","25 to 34",2
"1.1.1.10","35 to 44",2
"1.1.1.10","45 to 54",9
"1.1.1.10","55 to 64",4
"1.1.1.10","65+",0
"1.1.1.11","16 to 19",0
"1.1.1.11","20 to 24",5
"1.1.1.11","25 to 34",30
"1.1.1.11","35 to 44",72
"1.1.1.11","45 to 54",80
"1.1.1.11","55 to 64",39
"1.1.1.11","65+",10
"1.1.1.12","16 to 19",0
"1.1.1.12","20 to 24",2
"1.1.1.12","25 to 34",8
"1.1.1.12","35 to 44",14
"1.1.1.12","45 to 54",8
"1.1.1.12","55 to 64",6
"1.1.1.12","65+",0
"1.1.1.13","16 to 19",0
"1.1.1.13","20 to 24",5
"1.1.1.13","25 to 34",39
"1.1.1.13","35 to 44",70
"1.1.1.13","45 to 54",88
"1.1.1.13","55 to 64",63
"1.1.1.13","65+",8
"1.1.1.14","16 to 19",0
"1.1.1.14","20 to 24",5
"1.1.1.14","25 to 34",35
"1.1.1.14","35 to 44",51
"1.1.1.14","45 to 54",49
"1.1.1.14","55 to 64",44
"1.1.1.14","65+",9
"1.1.1.15","16 to 19",1
"1.1.1.15","20 to 24",11
"1.1.1.15","25 to 34",59
"1.1.1.15","35 to 44",74
"1.1.1.15","45 to 54",64
"1.1.1.15","55 to 64",41
"1.1.1.15","65+",10
"1.1.1.16","16 to 19",5
"1.1.1.16","20 to 24",24
"1.1.1.16","25 to 34",99
"1.1.1.16","35 to 44",123
"1.1.1.16","45 to 54",182
"1.1.1.16","55 to 64",237
"1.1.1.16","65+",271
"1.1.1.17","16 to 19",1
"1.1.1.17","20 to 24",14
"1.1.1.17","25 to 34",123
"1.1.1.17","35 to 44",198
"1.1.1.17","45 to 54",200
"1.1.1.17","55 to 64",142
"1.1.1.17","65+",33
"1.1.1.18","16 to 19",1
"1.1.1.18","20 to 24",17
"1.1.1.18","25 to 34",133
"1.1.1.18","35 to 44",236
"1.1.1.18","45 to 54",226
"1.1.1.18","55 to 64",187
"1.1.1.18","65+",38
"1.1.1.19","16 to 19",0
"1.1.1.19","20 to 24",0
"1.1.1.19","25 to 34",16
"1.1.1.19","35 to 44",26
"1.1.1.19","45 to 54",48
"1.1.1.19","55 to 64",29
"1.1.1.19","65+",2
"1.1.1.2","16 to 19",0
"1.1.1.2","20 to 24",25
"1.1.1.2","25 to 34",177
"1.1.1.2","35 to 44",233
"1.1.1.2","45 to 54",260
"1.1.1.2","55 to 64",161
"1.1.1.2","65+",31
"1.1.1.20","16 to 19",21
"1.1.1.20","20 to 24",143
"1.1.1.20","25 to 34",287
"1.1.1.20","35 to 44",269
"1.1.1.20","45 to 54",208
"1.1.1.20","55 to 64",144
"1.1.1.20","65+",41
"1.1.1.21","16 to 19",0
"1.1.1.21","20 to 24",0
"1.1.1.21","25 to 34",2
"1.1.1.21","35 to 44",2
"1.1.1.21","45 to 54",4
"1.1.1.21","55 to 64",2
"1.1.1.21","65+",4
"1.1.1.22","16 to 19",0
"1.1.1.22","20 to 24",3
"1.1.1.22","25 to 34",3
"1.1.1.22","35 to 44",8
"1.1.1.22","45 to 54",8
"1.1.1.22","55 to 64",5
"1.1.1.22","65+",1
"1.1.1.23","16 to 19",1
"1.1.1.23","20 to 24",13
"1.1.1.23","25 to 34",28
"1.1.1.23","35 to 44",32
"1.1.1.23","45 to 54",36
"1.1.1.23","55 to 64",25
"1.1.1.23","65+",11
"1.1.1.24","16 to 19",0
"1.1.1.24","20 to 24",9
"1.1.1.24","25 to 34",99
"1.1.1.24","35 to 44",155
"1.1.1.24","45 to 54",160
"1.1.1.24","55 to 64",137
"1.1.1.24","65+",33
"1.1.1.25","16 to 19",0
"1.1.1.25","20 to 24",0
"1.1.1.25","25 to 34",1
"1.1.1.25","35 to 44",7
"1.1.1.25","45 to 54",5
"1.1.1.25","55 to 64",2
"1.1.1.25","65+",2
"1.1.1.26","16 to 19",0
"1.1.1.26","20 to 24",3
"1.1.1.26","25 to 34",3
"1.1.1.26","35 to 44",7
"1.1.1.26","45 to 54",11
"1.1.1.26","55 to 64",7
"1.1.1.26","65+",1
"1.1.1.27","16 to 19",1
"1.1.1.27","20 to 24",23
"1.1.1.27","25 to 34",117
"1.1.1.27","35 to 44",133
"1.1.1.27","45 to 54",148
"1.1.1.27","55 to 64",164
"1.1.1.27","65+",89
"1.1.1.28","16 to 19",2
"1.1.1.28","20 to 24",13
"1.1.1.28","25 to 34",76
"1.1.1.28","35 to 44",77
"1.1.1.28","45 to 54",89
"1.1.1.28","55 to 64",74
"1.1.1.28","65+",30
"1.1.1.29","16 to 19",0
"1.1.1.29","20 to 24",0
"1.1.1.29","25 to 34",0
"1.1.1.29","35 to 44",3
"1.1.1.29","45 to 54",1
"1.1.1.29","55 to 64",3
"1.1.1.29","65+",1
"1.1.1.3","16 to 19",0
"1.1.1.3","20 to 24",1
"1.1.1.3","25 to 34",1
"1.1.1.3","35 to 44",5
"1.1.1.3","45 to 54",3
"1.1.1.3","55 to 64",3
"1.1.1.3","65+",5
"1.1.1.30","16 to 19",9
"1.1.1.30","20 to 24",96
"1.1.1.30","25 to 34",626
"1.1.1.30","35 to 44",948
"1.1.1.30","45 to 54",1265
"1.1.1.30","55 to 64",848
"1.1.1.30","65+",284
"1.1.1.4","16 to 19",0
"1.1.1.4","20 to 24",4
"1.1.1.4","25 to 34",23
"1.1.1.4","35 to 44",11
"1.1.1.4","45 to 54",8
"1.1.1.4","55 to 64",5
"1.1.1.4","65+",1
"1.1.1.5","16 to 19",0
"1.1.1.5","20 to 24",40
"1.1.1.5","25 to 34",227
"1.1.1.5","35 to 44",263
"1.1.1.5","45 to 54",225
"1.1.1.5","55 to 64",137
"1.1.1.5","65+",26
"1.1.1.6","16 to 19",0
"1.1.1.6","20 to 24",4
"1.1.1.6","25 to 34",21
"1.1.1.6","35 to 44",13
"1.1.1.6","45 to 54",16
"1.1.1.6","55 to 64",17
"1.1.1.6","65+",2
"1.1.1.7","16 to 19",1
"1.1.1.7","20 to 24",3
"1.1.1.7","25 to 34",15
"1.1.1.7","35 to 44",29
"1.1.1.7","45 to 54",39
"1.1.1.7","55 to 64",40
"1.1.1.7","65+",8
"1.1.1.8","16 to 19",1
"1.1.1.8","20 to 24",5
"1.1.1.8","25 to 34",111
"1.1.1.8","35 to 44",195
"1.1.1.8","45 to 54",195
"1.1.1.8","55 to 64",103
"1.1.1.8","65+",18
"1.1.1.9","16 to 19",0
"1.1.1.9","20 to 24",41
"1.1.1.9","25 to 34",259
"1.1.1.9","35 to 44",303
"1.1.1.9","45 to 54",330
"1.1.1.9","55 to 64",210
"1.1.1.9","65+",50
"1.1.2.1","16 to 19",0
"1.1.2.1","20 to 24",4
"1.1.2.1","25 to 34",18
"1.1.2.1","35 to 44",9
"1.1.2.1","45 to 54",9
"1.1.2.1","55 to 64",11
"1.1.2.1","65+",2
"1.1.2.10","16 to 19",1
"1.1.2.10","20 to 24",1
"1.1.2.10","25 to 34",38
"1.1.2.10","35 to 44",29
"1.1.2.10","45 to 54",30
"1.1.2.10","55 to 64",24
"1.1.2.10","65+",4
"1.1.2.11","16 to 19",0
"1.1.2.11","20 to 24",6
"1.1.2.11","25 to 34",31
"1.1.2.11","35 to 44",20
"1.1.2.11","45 to 54",22
"1.1.2.11","55 to 64",18
"1.1.2.11","65+",3
"1.1.2.12","16 to 19",1
"1.1.2.12","20 to 24",38
"1.1.2.12","25 to 34",174
"1.1.2.12","35 to 44",187
"1.1.2.12","45 to 54",199
"1.1.2.12","55 to 64",161
"1.1.2.12","65+",90
"1.1.2.13","16 to 19",3
"1.1.2.13","20 to 24",30
"1.1.2.13","25 to 34",49
"1.1.2.13","35 to 44",31
"1.1.2.13","45 to 54",22
"1.1.2.13","55 to 64",16
"1.1.2.13","65+",5
"1.1.2.14","16 to 19",1
"1.1.2.14","20 to 24",10
"1.1.2.14","25 to 34",23
"1.1.2.14","35 to 44",20
"1.1.2.14","45 to 54",18
"1.1.2.14","55 to 64",17
"1.1.2.14","65+",4
"1.1.2.15","16 to 19",0
"1.1.2.15","20 to 24",38
"1.1.2.15","25 to 34",86
"1.1.2.15","35 to 44",68
"1.1.2.15","45 to 54",50
"1.1.2.15","55 to 64",34
"1.1.2.15","65+",9
"1.1.2.16","16 to 19",1
"1.1.2.16","20 to 24",13
"1.1.2.16","25 to 34",47
"1.1.2.16","35 to 44",50
"1.1.2.16","45 to 54",46
"1.1.2.16","55 to 64",31
"1.1.2.16","65+",7
"1.1.2.17","16 to 19",2
"1.1.2.17","20 to 24",94
"1.1.2.17","25 to 34",407
"1.1.2.17","35 to 44",403
"1.1.2.17","45 to 54",417
"1.1.2.17","55 to 64",296
"1.1.2.17","65+",105
"1.1.2.18","16 to 19",0
"1.1.2.18","20 to 24",1
"1.1.2.18","25 to 34",20
"1.1.2.18","35 to 44",15
"1.1.2.18","45 to 54",28
"1.1.2.18","55 to 64",22
"1.1.2.18","65+",9
"1.1.2.19","16 to 19",0
"1.1.2.19","20 to 24",2
"1.1.2.19","25 to 34",12
"1.1.2.19","35 to 44",12
"1.1.2.19","45 to 54",12
"1.1.2.19","55 to 64",9
"1.1.2.19","65+",0
"1.1.2.2","16 to 19",0
"1.1.2.2","20 to 24",2
"1.1.2.2","25 to 34",3
"1.1.2.2","35 to 44",3
"1.1.2.2","45 to 54",2
"1.1.2.2","55 to 64",3
"1.1.2.2","65+",2
"1.1.2.20","16 to 19",0
"1.1.2.20","20 to 24",3
"1.1.2.20","25 to 34",9
"1.1.2.20","35 to 44",6
"1.1.2.20","45 to 54",6
"1.1.2.20","55 to 64",3
"1.1.2.20","65+",1
"1.1.2.21","16 to 19",0
"1.1.2.21","20 to 24",27
"1.1.2.21","25 to 34",79
"1.1.2.21","35 to 44",74
"1.1.2.21","45 to 54",38
"1.1.2.21","55 to 64",38
"1.1.2.21","65+",5
"1.1.2.22","16 to 19",1
"1.1.2.22","20 to 24",33
"1.1.2.22","25 to 34",100
"1.1.2.22","35 to 44",101
"1.1.2.22","45 to 54",91
"1.1.2.22","55 to 64",82
"1.1.2.22","65+",27
"1.1.2.23","16 to 19",0
"1.1.2.23","20 to 24",3
"1.1.2.23","25 to 34",33
"1.1.2.23","35 to 44",21
"1.1.2.23","45 to 54",27
"1.1.2.23","55 to 64",26
"1.1.2.23","65+",3
"1.1.2.24","16 to 19",0
"1.1.2.24","20 to 24",2
"1.1.2.24","25 to 34",3
"1.1.2.24","35 to 44",6
"1.1.2.24","45 to 54",3
"1.1.2.24","55 to 64",2
"1.1.2.24","65+",0
"1.1.2.25","16 to 19",1
"1.1.2.25","20 to 24",22
"1.1.2.25","25 to 34",74
"1.1.2.25","35 to 44",72
"1.1.2.25","45 to 54",67
"1.1.2.25","55 to 64",46
"1.1.2.25","65+",7
"1.1.2.26","16 to 19",0
"1.1.2.26","20 to 24",0
"1.1.2.26","25 to 34",15
"1.1.2.26","35 to 44",21
"1.1.2.26","45 to 54",19
"1.1.2.26","55 to 64",11
"1.1.2.26","65+",5
"1.1.2.27","16 to 19",1
"1.1.2.27","20 to 24",0
"1.1.2.27","25 to 34",17
"1.1.2.27","35 to 44",18
"1.1.2.27","45 to 54",18
"1.1.2.27","55 to 64",22
"1.1.2.27","65+",26
"1.1.2.28","16 to 19",0
"1.1.2.28","20 to 24",7
"1.1.2.28","25 to 34",16
"1.1.2.28","35 to 44",24
"1.1.2.28","45 to 54",25
"1.1.2.28","55 to 64",16
"1.1.2.28","65+",5
"1.1.2.3","16 to 19",2
"1.1.2.3","20 to 24",25
"1.1.2.3","25 to 34",43
"1.1.2.3","35 to 44",51
"1.1.2.3","45 to 54",47
"1.1.2.3","55 to 64",36
"1.1.2.3","65+",11
"1.1.2.4","16 to 19",1
"1.1.2.4","20 to 24",13
"1.1.2.4","25 to 34",52
"1.1.2.4","35 to 44",56
"1.1.2.4","45 to 54",72
"1.1.2.4","55 to 64",60
"1.1.2.4","65+",15
"1.1.2.5","16 to 19",0
"1.1.2.5","20 to 24",13
"1.1.2.5","25 to 34",68
"1.1.2.5","35 to 44",90
"1.1.2.5","45 to 54",75
"1.1.2.5","55 to 64",52
"1.1.2.5","65+",13
"1.1.2.6","16 to 19",0
"1.1.2.6","20 to 24",6
"1.1.2.6","25 to 34",46
"1.1.2.6","35 to 44",58
"1.1.2.6","45 to 54",64
"1.1.2.6","55 to 64",52
"1.1.2.6","65+",13
"1.1.2.7","16 to 19",0
"1.1.2.7","20 to 24",4
"1.1.2.7","25 to 34",24
"1.1.2.7","35 to 44",19
"1.1.2.7","45 to 54",20
"1.1.2.7","55 to 64",30
"1.1.2.7","65+",7
"1.1.2.8","16 to 19",2
"1.1.2.8","20 to 24",43
"1.1.2.8","25 to 34",172
"1.1.2.8","35 to 44",147
"1.1.2.8","45 to 54",126
"1.1.2.8","55 to 64",93
"1.1.2.8","65+",32
"1.1.2.9","16 to 19",0
"1.1.2.9","20 to 24",3
"1.1.2.9","25 to 34",21
"1.1.2.9","35 to 44",14
"1.1.2.9","45 to 54",20
"1.1.2.9","55 to 64",12
"1.1.2.9","65+",2
"1.2.1.1","16 to 19",0
"1.2.1.1","20 to 24",1
"1.2.1.1","25 to 34",12
"1.2.1.1","35 to 44",5
"1.2.1.1","45 to 54",5
"1.2.1.1","55 to 64",5
"1.2.1.1","65+",1
"1.2.1.10","16 to 19",0
"1.2.1.10","20 to 24",3
"1.2.1.10","25 to 34",33
"1.2.1.10","35 to 44",38
"1.2.1.10","45 to 54",31
"1.2.1.10","55 to 64",12
"1.2.1.10","65+",5
"1.2.1.11","16 to 19",9
"1.2.1.11","20 to 24",29
"1.2.1.11","25 to 34",124
"1.2.1.11","35 to 44",135
"1.2.1.11","45 to 54",120
"1.2.1.11","55 to 64",82
"1.2.1.11","65+",13
"1.2.1.12","16 to 19",0
"1.2.1.12","20 to 24",4
"1.2.1.12","25 to 34",12
"1.2.1.12","35 to 44",4
"1.2.1.12","45 to 54",6
"1.2.1.12","55 to 64",2
"1.2.1.12","65+",0
"1.2.1.13","16 to 19",0
"1.2.1.13","20 to 24",0
"1.2.1.13","25 to 34",0
"1.2.1.13","35 to 44",0
"1.2.1.13","45 to 54",1
"1.2.1.13","55 to 64",2
"1.2.1.13","65+",0
"1.2.1.14","16 to 19",0
"1.2.1.14","20 to 24",3
"1.2.1.14","25 to 34",36
"1.2.1.14","35 to 44",30
"1.2.1.14","45 to 54",38
"1.2.1.14","55 to 64",27
"1.2.1.14","65+",4
"1.2.1.15","16 to 19",0
"1.2.1.15","20 to 24",4
"1.2.1.15","25 to 34",33
"1.2.1.15","35 to 44",21
"1.2.1.15","45 to 54",17
"1.2.1.15","55 to 64",7
"1.2.1.15","65+",3
"1.2.1.16","16 to 19",0
"1.2.1.16","20 to 24",0
"1.2.1.16","25 to 34",1
"1.2.1.16","35 to 44",1
"1.2.1.16","45 to 54",2
"1.2.1.16","55 to 64",0
"1.2.1.16","65+",1
"1.2.1.2","16 to 19",1
"1.2.1.2","20 to 24",37
"1.2.1.2","25 to 34",122
"1.2.1.2","35 to 44",140
"1.2.1.2","45 to 54",120
"1.2.1.2","55 to 64",74
"1.2.1.2","65+",17
"1.2.1.3","16 to 19",0
"1.2.1.3","20 to 24",4
"1.2.1.3","25 to 34",12
"1.2.1.3","35 to 44",18
"1.2.1.3","45 to 54",17
"1.2.1.3","55 to 64",14
"1.2.1.3","65+",2
"1.2.1.4","16 to 19",3
"1.2.1.4","20 to 24",31
"1.2.1.4","25 to 34",127
"1.2.1.4","35 to 44",131
"1.2.1.4","45 to 54",130
"1.2.1.4","55 to 64",73
"1.2.1.4","65+",15
"1.2.1.5","16 to 19",2
"1.2.1.5","20 to 24",64
"1.2.1.5","25 to 34",373
"1.2.1.5","35 to 44",360
"1.2.1.5","45 to 54",290
"1.2.1.5","55 to 64",121
"1.2.1.5","65+",26
"1.2.1.6","16 to 19",4
"1.2.1.6","20 to 24",23
"1.2.1.6","25 to 34",88
"1.2.1.6","35 to 44",56
"1.2.1.6","45 to 54",27
"1.2.1.6","55 to 64",16
"1.2.1.6","65+",5
"1.2.1.7","16 to 19",7
"1.2.1.7","20 to 24",50
"1.2.1.7","25 to 34",142
"1.2.1.7","35 to 44",135
"1.2.1.7","45 to 54",110
"1.2.1.7","55 to 64",66
"1.2.1.7","65+",13
"1.2.1.8","16 to 19",0
"1.2.1.8","20 to 24",1
"1.2.1.8","25 to 34",21
"1.2.1.8","35 to 44",35
"1.2.1.8","45 to 54",23
"1.2.1.8","55 to 64",24
"1.2.1.8","65+",5
"1.2.1.9","16 to 19",0
"1.2.1.9","20 to 24",7
"1.2.1.9","25 to 34",53
"1.2.1.9","35 to 44",66
"1.2.1.9","45 to 54",53
"1.2.1.9","55 to 64",23
"1.2.1.9","65+",3
"1.2.2.1","16 to 19",0
"1.2.2.1","20 to 24",7
"1.2.2.1","25 to 34",46
"1.2.2.1","35 to 44",44
"1.2.2.1","45 to 54",34
"1.2.2.1","55 to 64",32
"1.2.2.1","65+",15
"1.2.2.10","16 to 19",0
"1.2.2.10","20 to 24",2
"1.2.2.10","25 to 34",11
"1.2.2.10","35 to 44",13
"1.2.2.10","45 to 54",10
"1.2.2.10","55 to 64",4
"1.2.2.10","65+",2
"1.2.2.11","16 to 19",0
"1.2.2.11","20 to 24",17
"1.2.2.11","25 to 34",44
"1.2.2.11","35 to 44",35
"1.2.2.11","45 to 54",50
"1.2.2.11","55 to 64",40
"1.2.2.11","65+",8
"1.2.2.12","16 to 19",0
"1.2.2.12","20 to 24",1
"1.2.2.12","25 to 34",2
"1.2.2.12","35 to 44",1
"1.2.2.12","45 to 54",5
"1.2.2.12","55 to 64",0
"1.2.2.12","65+",0
"1.2.2.13","16 to 19",0
"1.2.2.13","20 to 24",0
"1.2.2.13","25 to 34",9
"1.2.2.13","35 to 44",8
"1.2.2.13","45 to 54",10
"1.2.2.13","55 to 64",7
"1.2.2.13","65+",1
"1.2.2.14","16 to 19",0
"1.2.2.14","20 to 24",23
"1.2.2.14","25 to 34",77
"1.2.2.14","35 to 44",72
"1.2.2.14","45 to 54",72
"1.2.2.14","55 to 64",47
"1.2.2.14","65+",12
"1.2.2.15","16 to 19",0
"1.2.2.15","20 to 24",1
"1.2.2.15","25 to 34",3
"1.2.2.15","35 to 44",5
"1.2.2.15","45 to 54",4
"1.2.2.15","55 to 64",3
"1.2.2.15","65+",0
"1.2.2.16","16 to 19",0
"1.2.2.16","20 to 24",1
"1.2.2.16","25 to 34",2
"1.2.2.16","35 to 44",2
"1.2.2.16","45 to 54",0
"1.2.2.16","55 to 64",1
"1.2.2.16","65+",0
"1.2.2.17","16 to 19",0
"1.2.2.17","20 to 24",1
"1.2.2.17","25 to 34",12
"1.2.2.17","35 to 44",10
"1.2.2.17","45 to 54",6
"1.2.2.17","55 to 64",8
"1.2.2.17","65+",1
"1.2.2.18","16 to 19",3
"1.2.2.18","20 to 24",14
"1.2.2.18","25 to 34",92
"1.2.2.18","35 to 44",88
"1.2.2.18","45 to 54",96
"1.2.2.18","55 to 64",88
"1.2.2.18","65+",25
"1.2.2.19","16 to 19",0
"1.2.2.19","20 to 24",17
"1.2.2.19","25 to 34",26
"1.2.2.19","35 to 44",36
"1.2.2.19","45 to 54",32
"1.2.2.19","55 to 64",24
"1.2.2.19","65+",2
"1.2.2.2","16 to 19",0
"1.2.2.2","20 to 24",4
"1.2.2.2","25 to 34",12
"1.2.2.2","35 to 44",6
"1.2.2.2","45 to 54",8
"1.2.2.2","55 to 64",8
"1.2.2.2","65+",3
"1.2.2.20","16 to 19",5
"1.2.2.20","20 to 24",38
"1.2.2.20","25 to 34",69
"1.2.2.20","35 to 44",75
"1.2.2.20","45 to 54",85
"1.2.2.20","55 to 64",84
"1.2.2.20","65+",12
"1.2.2.21","16 to 19",3
"1.2.2.21","20 to 24",10
"1.2.2.21","25 to 34",17
"1.2.2.21","35 to 44",17
"1.2.2.21","45 to 54",14
"1.2.2.21","55 to 64",15
"1.2.2.21","65+",1
"1.2.2.3","16 to 19",0
"1.2.2.3","20 to 24",6
"1.2.2.3","25 to 34",31
"1.2.2.3","35 to 44",33
"1.2.2.3","45 to 54",34
"1.2.2.3","55 to 64",38
"1.2.2.3","65+",5
"1.2.2.4","16 to 19",0
"1.2.2.4","20 to 24",0
"1.2.2.4","25 to 34",1
"1.2.2.4","35 to 44",2
"1.2.2.4","45 to 54",1
"1.2.2.4","55 to 64",0
"1.2.2.4","65+",0
"1.2.2.5","16 to 19",0
"1.2.2.5","20 to 24",1
"1.2.2.5","25 to 34",5
"1.2.2.5","35 to 44",1
"1.2.2.5","45 to 54",4
"1.2.2.5","55 to 64",2
"1.2.2.5","65+",1
"1.2.2.6","16 to 19",0
"1.2.2.6","20 to 24",10
"1.2.2.6","25 to 34",23
"1.2.2.6","35 to 44",10
"1.2.2.6","45 to 54",23
"1.2.2.6","55 to 64",13
"1.2.2.6","65+",1
"1.2.2.7","16 to 19",0
"1.2.2.7","20 to 24",24
"1.2.2.7","25 to 34",89
"1.2.2.7","35 to 44",64
"1.2.2.7","45 to 54",81
"1.2.2.7","55 to 64",64
"1.2.2.7","65+",27
"1.2.2.8","16 to 19",0
"1.2.2.8","20 to 24",3
"1.2.2.8","25 to 34",17
"1.2.2.8","35 to 44",24
"1.2.2.8","45 to 54",20
"1.2.2.8","55 to 64",15
"1.2.2.8","65+",4
"1.2.2.9","16 to 19",0
"1.2.2.9","20 to 24",15
"1.2.2.9","25 to 34",62
"1.2.2.9","35 to 44",57
"1.2.2.9","45 to 54",72
"1.2.2.9","55 to 64",51
"1.2.2.9","65+",12
"1.2.3.1","16 to 19",0
"1.2.3.1","20 to 24",2
"1.2.3.1","25 to 34",11
"1.2.3.1","35 to 44",7
"1.2.3.1","45 to 54",8
"1.2.3.1","55 to 64",2
"1.2.3.1","65+",1
"1.2.3.10","16 to 19",0
"1.2.3.10","20 to 24",8
"1.2.3.10","25 to 34",45
"1.2.3.10","35 to 44",53
"1.2.3.10","45 to 54",39
"1.2.3.10","55 to 64",25
"1.2.3.10","65+",13
"1.2.3.11","16 to 19",0
"1.2.3.11","20 to 24",2
"1.2.3.11","25 to 34",8
"1.2.3.11","35 to 44",12
"1.2.3.11","45 to 54",5
"1.2.3.11","55 to 64",3
"1.2.3.11","65+",3
"1.2.3.12","16 to 19",1
"1.2.3.12","20 to 24",0
"1.2.3.12","25 to 34",1
"1.2.3.12","35 to 44",1
"1.2.3.12","45 to 54",0
"1.2.3.12","55 to 64",1
"1.2.3.12","65+",0
"1.2.3.13","16 to 19",0
"1.2.3.13","20 to 24",2
"1.2.3.13","25 to 34",45
"1.2.3.13","35 to 44",53
"1.2.3.13","45 to 54",46
"1.2.3.13","55 to 64",47
"1.2.3.13","65+",39
"1.2.3.14","16 to 19",0
"1.2.3.14","20 to 24",0
"1.2.3.14","25 to 34",3
"1.2.3.14","35 to 44",0
"1.2.3.14","45 to 54",0
"1.2.3.14","55 to 64",0
"1.2.3.14","65+",0
"1.2.3.15","16 to 19",0
"1.2.3.15","20 to 24",1
"1.2.3.15","25 to 34",5
"1.2.3.15","35 to 44",8
"1.2.3.15","45 to 54",5
"1.2.3.15","55 to 64",5
"1.2.3.15","65+",1
"1.2.3.16","16 to 19",0
"1.2.3.16","20 to 24",3
"1.2.3.16","25 to 34",12
"1.2.3.16","35 to 44",10
"1.2.3.16","45 to 54",8
"1.2.3.16","55 to 64",5
"1.2.3.16","65+",4
"1.2.3.17","16 to 19",0
"1.2.3.17","20 to 24",2
"1.2.3.17","25 to 34",16
"1.2.3.17","35 to 44",8
"1.2.3.17","45 to 54",8
"1.2.3.17","55 to 64",3
"1.2.3.17","65+",3
"1.2.3.18","16 to 19",0
"1.2.3.18","20 to 24",10
"1.2.3.18","25 to 34",7
"1.2.3.18","35 to 44",5
"1.2.3.18","45 to 54",3
"1.2.3.18","55 to 64",0
"1.2.3.18","65+",1
"1.2.3.19","16 to 19",0
"1.2.3.19","20 to 24",6
"1.2.3.19","25 to 34",21
"1.2.3.19","35 to 44",17
"1.2.3.19","45 to 54",13
"1.2.3.19","55 to 64",11
"1.2.3.19","65+",3
"1.2.3.2","16 to 19",0
"1.2.3.2","20 to 24",9
"1.2.3.2","25 to 34",23
"1.2.3.2","35 to 44",33
"1.2.3.2","45 to 54",19
"1.2.3.2","55 to 64",20
"1.2.3.2","65+",6
"1.2.3.20","16 to 19",0
"1.2.3.20","20 to 24",1
"1.2.3.20","25 to 34",7
"1.2.3.20","35 to 44",2
"1.2.3.20","45 to 54",7
"1.2.3.20","55 to 64",3
"1.2.3.20","65+",0
"1.2.3.21","16 to 19",0
"1.2.3.21","20 to 24",0
"1.2.3.21","25 to 34",0
"1.2.3.21","35 to 44",1
"1.2.3.21","45 to 54",3
"1.2.3.21","55 to 64",1
"1.2.3.21","65+",1
"1.2.3.22","16 to 19",0
"1.2.3.22","20 to 24",0
"1.2.3.22","25 to 34",0
"1.2.3.22","35 to 44",1
"1.2.3.22","45 to 54",1
"1.2.3.22","55 to 64",0
"1.2.3.22","65+",0
"1.2.3.23","16 to 19",2
"1.2.3.23","20 to 24",37
"1.2.3.23","25 to 34",36
"1.2.3.23","35 to 44",27
"1.2.3.23","45 to 54",22
"1.2.3.23","55 to 64",23
"1.2.3.23","65+",2
"1.2.3.3","16 to 19",0
"1.2.3.3","20 to 24",1
"1.2.3.3","25 to 34",7
"1.2.3.3","35 to 44",8
"1.2.3.3","45 to 54",3
"1.2.3.3","55 to 64",7
"1.2.3.3","65+",1
"1.2.3.4","16 to 19",0
"1.2.3.4","20 to 24",7
"1.2.3.4","25 to 34",43
"1.2.3.4","35 to 44",40
"1.2.3.4","45 to 54",24
"1.2.3.4","55 to 64",20
"1.2.3.4","65+",9
"1.2.3.5","16 to 19",0
"1.2.3.5","20 to 24",0
"1.2.3.5","25 to 34",0
"1.2.3.5","35 to 44",0
"1.2.3.5","45 to 54",0
"1.2.3.5","55 to 64",0
"1.2.3.5","65+",0
"1.2.3.6","16 to 19",0
"1.2.3.6","20 to 24",1
"1.2.3.6","25 to 34",2
"1.2.3.6","35 to 44",1
"1.2.3.6","45 to 54",2
"1.2.3.6","55 to 64",3
"1.2.3.6","65+",3
"1.2.3.7","16 to 19",0
"1.2.3.7","20 to 24",2
"1.2.3.7","25 to 34",1
"1.2.3.7","35 to 44",1
"1.2.3.7","45 to 54",3
"1.2.3.7","55 to 64",1
"1.2.3.7","65+",0
"1.2.3.8","16 to 19",0
"1.2.3.8","20 to 24",6
"1.2.3.8","25 to 34",25
"1.2.3.8","35 to 44",26
"1.2.3.8","45 to 54",24
"1.2.3.8","55 to 64",15
"1.2.3.8","65+",5
"1.2.3.9","16 to 19",0
"1.2.3.9","20 to 24",7
"1.2.3.9","25 to 34",17
"1.2.3.9","35 to 44",24
"1.2.3.9","45 to 54",20
"1.2.3.9","55 to 64",19
"1.2.3.9","65+",4
"1.2.4.1","16 to 19",16
"1.2.4.1","20 to 24",50
"1.2.4.1","25 to 34",189
"1.2.4.1","35 to 44",164
"1.2.4.1","45 to 54",144
"1.2.4.1","55 to 64",134
"1.2.4.1","65+",39
"1.2.4.2","16 to 19",0
"1.2.4.2","20 to 24",33
"1.2.4.2","25 to 34",219
"1.2.4.2","35 to 44",215
"1.2.4.2","45 to 54",178
"1.2.4.2","55 to 64",117
"1.2.4.2","65+",36
"1.2.4.3","16 to 19",0
"1.2.4.3","20 to 24",2
"1.2.4.3","25 to 34",24
"1.2.4.3","35 to 44",39
"1.2.4.3","45 to 54",24
"1.2.4.3","55 to 64",11
"1.2.4.3","65+",0
"1.2.4.4","16 to 19",1
"1.2.4.4","20 to 24",16
"1.2.4.4","25 to 34",40
"1.2.4.4","35 to 44",42
"1.2.4.4","45 to 54",36
"1.2.4.4","55 to 64",34
"1.2.4.4","65+",11
"1.2.4.5","16 to 19",2
"1.2.4.5","20 to 24",10
"1.2.4.5","25 to 34",27
"1.2.4.5","35 to 44",22
"1.2.4.5","45 to 54",22
"1.2.4.5","55 to 64",23
"1.2.4.5","65+",9
"1.2.4.6","16 to 19",1
"1.2.4.6","20 to 24",16
"1.2.4.6","25 to 34",61
"1.2.4.6","35 to 44",80
"1.2.4.6","45 to 54",109
"1.2.4.6","55 to 64",101
"1.2.4.6","65+",67
"1.2.4.7","16 to 19",0
"1.2.4.7","20 to 24",6
"1.2.4.7","25 to 34",18
"1.2.4.7","35 to 44",11
"1.2.4.7","45 to 54",11
"1.2.4.7","55 to 64",15
"1.2.4.7","65+",3
"1.2.4.8","16 to 19",1
"1.2.4.8","20 to 24",8
"1.2.4.8","25 to 34",9
"1.2.4.8","35 to 44",15
"1.2.4.8","45 to 54",19
"1.2.4.8","55 to 64",10
"1.2.4.8","65+",6
"1.2.5.1","16 to 19",0
"1.2.5.1","20 to 24",5
"1.2.5.1","25 to 34",223
"1.2.5.1","35 to 44",276
"1.2.5.1","45 to 54",254
"1.2.5.1","55 to 64",250
"1.2.5.1","65+",123
"1.2.5.2","16 to 19",0
"1.2.5.2","20 to 24",0
"1.2.5.2","25 to 34",6
"1.2.5.2","35 to 44",3
"1.2.5.2","45 to 54",1
"1.2.5.2","55 to 64",2
"1.2.5.2","65+",0
"1.2.5.3","16 to 19",0
"1.2.5.3","20 to 24",1
"1.2.5.3","25 to 34",5
"1.2.5.3","35 to 44",7
"1.2.5.3","45 to 54",17
"1.2.5.3","55 to 64",16
"1.2.5.3","65+",8
"1.2.5.4","16 to 19",2
"1.2.5.4","20 to 24",25
"1.2.5.4","25 to 34",110
"1.2.5.4","35 to 44",86
"1.2.5.4","45 to 54",104
"1.2.5.4","55 to 64",72
"1.2.5.4","65+",18
"1.2.5.5","16 to 19",3
"1.2.5.5","20 to 24",7
"1.2.5.5","25 to 34",45
"1.2.5.5","35 to 44",33
"1.2.5.5","45 to 54",55
"1.2.5.5","55 to 64",47
"1.2.5.5","65+",10
"1.2.6.1","16 to 19",5
"1.2.6.1","20 to 24",84
"1.2.6.1","25 to 34",296
"1.2.6.1","35 to 44",229
"1.2.6.1","45 to 54",236
"1.2.6.1","55 to 64",260
"1.2.6.1","65+",150
"1.2.6.10","16 to 19",18
"1.2.6.10","20 to 24",105
"1.2.6.10","25 to 34",142
"1.2.6.10","35 to 44",179
"1.2.6.10","45 to 54",226
"1.2.6.10","55 to 64",185
"1.2.6.10","65+",47
"1.2.6.11","16 to 19",0
"1.2.6.11","20 to 24",14
"1.2.6.11","25 to 34",39
"1.2.6.11","35 to 44",42
"1.2.6.11","45 to 54",50
"1.2.6.11","55 to 64",43
"1.2.6.11","65+",17
"1.2.6.2","16 to 19",6
"1.2.6.2","20 to 24",67
"1.2.6.2","25 to 34",192
"1.2.6.2","35 to 44",158
"1.2.6.2","45 to 54",135
"1.2.6.2","55 to 64",77
"1.2.6.2","65+",29
"1.2.6.3","16 to 19",8
"1.2.6.3","20 to 24",139
"1.2.6.3","25 to 34",766
"1.2.6.3","35 to 44",855
"1.2.6.3","45 to 54",709
"1.2.6.3","55 to 64",479
"1.2.6.3","65+",146
"1.2.6.4","16 to 19",2
"1.2.6.4","20 to 24",53
"1.2.6.4","25 to 34",296
"1.2.6.4","35 to 44",282
"1.2.6.4","45 to 54",233
"1.2.6.4","55 to 64",189
"1.2.6.4","65+",43
"1.2.6.5","16 to 19",0
"1.2.6.5","20 to 24",15
"1.2.6.5","25 to 34",78
"1.2.6.5","35 to 44",80
"1.2.6.5","45 to 54",72
"1.2.6.5","55 to 64",80
"1.2.6.5","65+",11
"1.2.6.6","16 to 19",49
"1.2.6.6","20 to 24",119
"1.2.6.6","25 to 34",182
"1.2.6.6","35 to 44",142
"1.2.6.6","45 to 54",140
"1.2.6.6","55 to 64",129
"1.2.6.6","65+",75
"1.2.6.7","16 to 19",0
"1.2.6.7","20 to 24",6
"1.2.6.7","25 to 34",6
"1.2.6.7","35 to 44",15
"1.2.6.7","45 to 54",10
"1.2.6.7","55 to 64",7
"1.2.6.7","65+",3
"1.2.6.8","16 to 19",2
"1.2.6.8","20 to 24",6
"1.2.6.8","25 to 34",25
"1.2.6.8","35 to 44",47
"1.2.6.8","45 to 54",41
"1.2.6.8","55 to 64",55
"1.2.6.8","65+",21
"1.2.6.9","16 to 19",6
"1.2.6.9","20 to 24",10
"1.2.6.9","25 to 34",4
"1.2.6.9","35 to 44",4
"1.2.6.9","45 to 54",5
"1.2.6.9","55 to 64",6
"1.2.6.9","65+",1
"1.2.7.1","16 to 19",2
"1.2.7.1","20 to 24",9
"1.2.7.1","25 to 34",38
"1.2.7.1","35 to 44",37
"1.2.7.1","45 to 54",44
"1.2.7.1","55 to 64",49
"1.2.7.1","65+",24
"1.2.7.10","16 to 19",1
"1.2.7.10","20 to 24",16
"1.2.7.10","25 to 34",30
"1.2.7.10","35 to 44",16
"1.2.7.10","45 to 54",9
"1.2.7.10","55 to 64",5
"1.2.7.10","65+",3
"1.2.7.11","16 to 19",0
"1.2.7.11","20 to 24",12
"1.2.7.11","25 to 34",48
"1.2.7.11","35 to 44",31
"1.2.7.11","45 to 54",23
"1.2.7.11","55 to 64",16
"1.2.7.11","65+",5
"1.2.7.12","16 to 19",2
"1.2.7.12","20 to 24",15
"1.2.7.12","25 to 34",40
"1.2.7.12","35 to 44",35
"1.2.7.12","45 to 54",34
"1.2.7.12","55 to 64",26
"1.2.7.12","65+",11
"1.2.7.13","16 to 19",0
"1.2.7.13","20 to 24",3
"1.2.7.13","25 to 34",14
"1.2.7.13","35 to 44",10
"1.2.7.13","45 to 54",17
"1.2.7.13","55 to 64",15
"1.2.7.13","65+",1
"1.2.7.14","16 to 19",1
"1.2.7.14","20 to 24",17
"1.2.7.14","25 to 34",49
"1.2.7.14","35 to 44",42
"1.2.7.14","45 to 54",45
"1.2.7.14","55 to 64",44
"1.2.7.14","65+",24
"1.2.7.15","16 to 19",0
"1.2.7.15","20 to 24",6
"1.2.7.15","25 to 34",9
"1.2.7.15","35 to 44",23
"1.2.7.15","45 to 54",21
"1.2.7.15","55 to 64",13
"1.2.7.15","65+",7
"1.2.7.16","16 to 19",2
"1.2.7.16","20 to 24",16
"1.2.7.16","25 to 34",29
"1.2.7.16","35 to 44",21
"1.2.7.16","45 to 54",26
"1.2.7.16","55 to 64",11
"1.2.7.16","65+",3
"1.2.7.17","16 to 19",3
"1.2.7.17","20 to 24",11
"1.2.7.17","25 to 34",64
"1.2.7.17","35 to 44",42
"1.2.7.17","45 to 54",25
"1.2.7.17","55 to 64",18
"1.2.7.17","65+",11
"1.2.7.18","16 to 19",3
"1.2.7.18","20 to 24",7
"1.2.7.18","25 to 34",22
"1.2.7.18","35 to 44",18
"1.2.7.18","45 to 54",10
"1.2.7.18","55 to 64",11
"1.2.7.18","65+",1
"1.2.7.19","16 to 19",0
"1.2.7.19","20 to 24",0
"1.2.7.19","25 to 34",0
"1.2.7.19","35 to 44",0
"1.2.7.19","45 to 54",0
"1.2.7.19","55 to 64",0
"1.2.7.19","65+",0
"1.2.7.2","16 to 19",5
"1.2.7.2","20 to 24",72
"1.2.7.2","25 to 34",216
"1.2.7.2","35 to 44",187
"1.2.7.2","45 to 54",179
"1.2.7.2","55 to 64",125
"1.2.7.2","65+",46
"1.2.7.3","16 to 19",3
"1.2.7.3","20 to 24",4
"1.2.7.3","25 to 34",9
"1.2.7.3","35 to 44",10
"1.2.7.3","45 to 54",9
"1.2.7.3","55 to 64",4
"1.2.7.3","65+",4
"1.2.7.4","16 to 19",0
"1.2.7.4","20 to 24",15
"1.2.7.4","25 to 34",48
"1.2.7.4","35 to 44",31
"1.2.7.4","45 to 54",35
"1.2.7.4","55 to 64",24
"1.2.7.4","65+",8
"1.2.7.5","16 to 19",37
"1.2.7.5","20 to 24",61
"1.2.7.5","25 to 34",71
"1.2.7.5","35 to 44",55
"1.2.7.5","45 to 54",33
"1.2.7.5","55 to 64",27
"1.2.7.5","65+",10
"1.2.7.6","16 to 19",2
"1.2.7.6","20 to 24",6
"1.2.7.6","25 to 34",5
"1.2.7.6","35 to 44",1
"1.2.7.6","45 to 54",2
"1.2.7.6","55 to 64",2
"1.2.7.6","65+",1
"1.2.7.7","16 to 19",4
"1.2.7.7","20 to 24",13
"1.2.7.7","25 to 34",40
"1.2.7.7","35 to 44",37
"1.2.7.7","45 to 54",39
"1.2.7.7","55 to 64",37
"1.2.7.7","65+",24
"1.2.7.8","16 to 19",2
"1.2.7.8","20 to 24",6
"1.2.7.8","25 to 34",9
"1.2.7.8","35 to 44",9
"1.2.7.8","45 to 54",3
"1.2.7.8","55 to 64",6
"1.2.7.8","65+",3
"1.2.7.9","16 to 19",0
"1.2.7.9","20 to 24",9
"1.2.7.9","25 to 34",19
"1.2.7.9","35 to 44",15
"1.2.7.9","45 to 54",8
"1.2.7.9","55 to 64",7
"1.2.7.9","65+",2
"1.2.8.1","16 to 19",0
"1.2.8.1","20 to 24",0
"1.2.8.1","25 to 34",12
"1.2.8.1","35 to 44",16
"1.2.8.1","45 to 54",17
"1.2.8.1","55 to 64",14
"1.2.8.1","65+",8
"1.2.8.10","16 to 19",1
"1.2.8.10","20 to 24",3
"1.2.8.10","25 to 34",36
"1.2.8.10","35 to 44",28
"1.2.8.10","45 to 54",26
"1.2.8.10","55 to 64",14
"1.2.8.10","65+",3
"1.2.8.11","16 to 19",0
"1.2.8.11","20 to 24",5
"1.2.8.11","25 to 34",76
"1.2.8.11","35 to 44",71
"1.2.8.11","45 to 54",57
"1.2.8.11","55 to 64",27
"1.2.8.11","65+",8
"1.2.8.12","16 to 19",0
"1.2.8.12","20 to 24",0
"1.2.8.12","25 to 34",4
"1.2.8.12","35 to 44",2
"1.2.8.12","45 to 54",6
"1.2.8.12","55 to 64",5
"1.2.8.12","65+",0
"1.2.8.13","16 to 19",0
"1.2.8.13","20 to 24",0
"1.2.8.13","25 to 34",4
"1.2.8.13","35 to 44",2
"1.2.8.13","45 to 54",2
"1.2.8.13","55 to 64",1
"1.2.8.13","65+",1
"1.2.8.14","16 to 19",0
"1.2.8.14","20 to 24",1
"1.2.8.14","25 to 34",26
"1.2.8.14","35 to 44",31
"1.2.8.14","45 to 54",25
"1.2.8.14","55 to 64",24
"1.2.8.14","65+",4
"1.2.8.15","16 to 19",0
"1.2.8.15","20 to 24",2
"1.2.8.15","25 to 34",43
"1.2.8.15","35 to 44",42
"1.2.8.15","45 to 54",25
"1.2.8.15","55 to 64",21
"1.2.8.15","65+",4
"1.2.8.16","16 to 19",0
"1.2.8.16","20 to 24",1
"1.2.8.16","25 to 34",1
"1.2.8.16","35 to 44",1
"1.2.8.16","45 to 54",0
"1.2.8.16","55 to 64",2
"1.2.8.16","65+",0
"1.2.8.17","16 to 19",0
"1.2.8.17","20 to 24",10
"1.2.8.17","25 to 34",59
"1.2.8.17","35 to 44",51
"1.2.8.17","45 to 54",33
"1.2.8.17","55 to 64",21
"1.2.8.17","65+",12
"1.2.8.18","16 to 19",0
"1.2.8.18","20 to 24",1
"1.2.8.18","25 to 34",14
"1.2.8.18","35 to 44",23
"1.2.8.18","45 to 54",17
"1.2.8.18","55 to 64",20
"1.2.8.18","65+",6
"1.2.8.19","16 to 19",2
"1.2.8.19","20 to 24",121
"1.2.8.19","25 to 34",733
"1.2.8.19","35 to 44",687
"1.2.8.19","45 to 54",686
"1.2.8.19","55 to 64",535
"1.2.8.19","65+",124
"1.2.8.2","16 to 19",0
"1.2.8.2","20 to 24",2
"1.2.8.2","25 to 34",28
"1.2.8.2","35 to 44",51
"1.2.8.2","45 to 54",34
"1.2.8.2","55 to 64",47
"1.2.8.2","65+",30
"1.2.8.20","16 to 19",0
"1.2.8.20","20 to 24",0
"1.2.8.20","25 to 34",6
"1.2.8.20","35 to 44",12
"1.2.8.20","45 to 54",9
"1.2.8.20","55 to 64",3
"1.2.8.20","65+",0
"1.2.8.21","16 to 19",0
"1.2.8.21","20 to 24",0
"1.2.8.21","25 to 34",1
"1.2.8.21","35 to 44",1
"1.2.8.21","45 to 54",0
"1.2.8.21","55 to 64",1
"1.2.8.21","65+",1
"1.2.8.22","16 to 19",0
"1.2.8.22","20 to 24",0
"1.2.8.22","25 to 34",31
"1.2.8.22","35 to 44",26
"1.2.8.22","45 to 54",31
"1.2.8.22","55 to 64",32
"1.2.8.22","65+",7
"1.2.8.23","16 to 19",0
"1.2.8.23","20 to 24",1
"1.2.8.23","25 to 34",4
"1.2.8.23","35 to 44",4
"1.2.8.23","45 to 54",7
"1.2.8.23","55 to 64",5
"1.2.8.23","65+",3
"1.2.8.24","16 to 19",1
"1.2.8.24","20 to 24",18
"1.2.8.24","25 to 34",76
"1.2.8.24","35 to 44",66
"1.2.8.24","45 to 54",60
"1.2.8.24","55 to 64",57
"1.2.8.24","65+",15
"1.2.8.25","16 to 19",0
"1.2.8.25","20 to 24",8
"1.2.8.25","25 to 34",56
"1.2.8.25","35 to 44",47
"1.2.8.25","45 to 54",37
"1.2.8.25","55 to 64",25
"1.2.8.25","65+",3
"1.2.8.26","16 to 19",0
"1.2.8.26","20 to 24",16
"1.2.8.26","25 to 34",88
"1.2.8.26","35 to 44",84
"1.2.8.26","45 to 54",72
"1.2.8.26","55 to 64",64
"1.2.8.26","65+",8
"1.2.8.27","16 to 19",3
"1.2.8.27","20 to 24",37
"1.2.8.27","25 to 34",86
"1.2.8.27","35 to 44",55
"1.2.8.27","45 to 54",33
"1.2.8.27","55 to 64",14
"1.2.8.27","65+",3
"1.2.8.28","16 to 19",13
"1.2.8.28","20 to 24",87
"1.2.8.28","25 to 34",200
"1.2.8.28","35 to 44",120
"1.2.8.28","45 to 54",92
"1.2.8.28","55 to 64",59
"1.2.8.28","65+",11
"1.2.8.29","16 to 19",5
"1.2.8.29","20 to 24",63
"1.2.8.29","25 to 34",140
"1.2.8.29","35 to 44",141
"1.2.8.29","45 to 54",138
"1.2.8.29","55 to 64",126
"1.2.8.29","65+",28
"1.2.8.3","16 to 19",1
"1.2.8.3","20 to 24",9
"1.2.8.3","25 to 34",34
"1.2.8.3","35 to 44",20
"1.2.8.3","45 to 54",27
"1.2.8.3","55 to 64",25
"1.2.8.3","65+",6
"1.2.8.30","16 to 19",0
"1.2.8.30","20 to 24",5
"1.2.8.30","25 to 34",27
"1.2.8.30","35 to 44",30
"1.2.8.30","45 to 54",39
"1.2.8.30","55 to 64",32
"1.2.8.30","65+",6
"1.2.8.31","16 to 19",0
"1.2.8.31","20 to 24",2
"1.2.8.31","25 to 34",11
"1.2.8.31","35 to 44",7
"1.2.8.31","45 to 54",10
"1.2.8.31","55 to 64",11
"1.2.8.31","65+",4
"1.2.8.32","16 to 19",1
"1.2.8.32","20 to 24",11
"1.2.8.32","25 to 34",27
"1.2.8.32","35 to 44",25
"1.2.8.32","45 to 54",35
"1.2.8.32","55 to 64",20
"1.2.8.32","65+",5
"1.2.8.33","16 to 19",0
"1.2.8.33","20 to 24",5
"1.2.8.33","25 to 34",32
"1.2.8.33","35 to 44",30
"1.2.8.33","45 to 54",19
"1.2.8.33","55 to 64",19
"1.2.8.33","65+",3
"1.2.8.4","16 to 19",0
"1.2.8.4","20 to 24",0
"1.2.8.4","25 to 34",8
"1.2.8.4","35 to 44",12
"1.2.8.4","45 to 54",12
"1.2.8.4","55 to 64",12
"1.2.8.4","65+",4
"1.2.8.5","16 to 19",0
"1.2.8.5","20 to 24",12
"1.2.8.5","25 to 34",90
"1.2.8.5","35 to 44",70
"1.2.8.5","45 to 54",54
"1.2.8.5","55 to 64",47
"1.2.8.5","65+",20
"1.2.8.6","16 to 19",0
"1.2.8.6","20 to 24",9
"1.2.8.6","25 to 34",224
"1.2.8.6","35 to 44",262
"1.2.8.6","45 to 54",221
"1.2.8.6","55 to 64",189
"1.2.8.6","65+",108
"1.2.8.7","16 to 19",0
"1.2.8.7","20 to 24",4
"1.2.8.7","25 to 34",34
"1.2.8.7","35 to 44",19
"1.2.8.7","45 to 54",11
"1.2.8.7","55 to 64",14
"1.2.8.7","65+",2
"1.2.8.8","16 to 19",0
"1.2.8.8","20 to 24",0
"1.2.8.8","25 to 34",1
"1.2.8.8","35 to 44",4
"1.2.8.8","45 to 54",2
"1.2.8.8","55 to 64",1
"1.2.8.8","65+",0
"1.2.8.9","16 to 19",0
"1.2.8.9","20 to 24",0
"1.2.8.9","25 to 34",6
"1.2.8.9","35 to 44",3
"1.2.8.9","45 to 54",4
"1.2.8.9","55 to 64",4
"1.2.8.9","65+",3
"2.1.1","16 to 19",51
"2.1.1","20 to 24",267
"2.1.1","25 to 34",435
"2.1.1","35 to 44",370
"2.1.1","45 to 54",445
"2.1.1","55 to 64",303
"2.1.1","65+",107
"2.1.10","16 to 19",2
"2.1.10","20 to 24",9
"2.1.10","25 to 34",33
"2.1.10","35 to 44",32
"2.1.10","45 to 54",21
"2.1.10","55 to 64",18
"2.1.10","65+",2
"2.1.11","16 to 19",8
"2.1.11","20 to 24",41
"2.1.11","25 to 34",37
"2.1.11","35 to 44",25
"2.1.11","45 to 54",33
"2.1.11","55 to 64",30
"2.1.11","65+",4
"2.1.2","16 to 19",0
"2.1.2","20 to 24",1
"2.1.2","25 to 34",3
"2.1.2","35 to 44",6
"2.1.2","45 to 54",4
"2.1.2","55 to 64",3
"2.1.2","65+",0
"2.1.3","16 to 19",0
"2.1.3","20 to 24",9
"2.1.3","25 to 34",22
"2.1.3","35 to 44",15
"2.1.3","45 to 54",15
"2.1.3","55 to 64",9
"2.1.3","65+",0
"2.1.4","16 to 19",1
"2.1.4","20 to 24",12
"2.1.4","25 to 34",41
"2.1.4","35 to 44",46
"2.1.4","45 to 54",40
"2.1.4","55 to 64",26
"2.1.4","65+",7
"2.1.5","16 to 19",6
"2.1.5","20 to 24",45
"2.1.5","25 to 34",78
"2.1.5","35 to 44",67
"2.1.5","45 to 54",47
"2.1.5","55 to 64",24
"2.1.5","65+",5
"2.1.6","16 to 19",7
"2.1.6","20 to 24",63
"2.1.6","25 to 34",173
"2.1.6","35 to 44",129
"2.1.6","45 to 54",78
"2.1.6","55 to 64",50
"2.1.6","65+",8
"2.1.7","16 to 19",1
"2.1.7","20 to 24",4
"2.1.7","25 to 34",6
"2.1.7","35 to 44",12
"2.1.7","45 to 54",15
"2.1.7","55 to 64",17
"2.1.7","65+",4
"2.1.8","16 to 19",2
"2.1.8","20 to 24",10
"2.1.8","25 to 34",17
"2.1.8","35 to 44",7
"2.1.8","45 to 54",5
"2.1.8","55 to 64",3
"2.1.8","65+",1
"2.1.9","16 to 19",5
"2.1.9","20 to 24",13
"2.1.9","25 to 34",9
"2.1.9","35 to 44",6
"2.1.9","45 to 54",4
"2.1.9","55 to 64",4
"2.1.9","65+",0
"2.2.1","16 to 19",0
"2.2.1","20 to 24",0
"2.2.1","25 to 34",9
"2.2.1","35 to 44",15
"2.2.1","45 to 54",16
"2.2.1","55 to 64",8
"2.2.1","65+",1
"2.2.10","16 to 19",0
"2.2.10","20 to 24",0
"2.2.10","25 to 34",1
"2.2.10","35 to 44",1
"2.2.10","45 to 54",6
"2.2.10","55 to 64",2
"2.2.10","65+",1
"2.2.11","16 to 19",2
"2.2.11","20 to 24",32
"2.2.11","25 to 34",198
"2.2.11","35 to 44",204
"2.2.11","45 to 54",178
"2.2.11","55 to 64",49
"2.2.11","65+",17
"2.2.12","16 to 19",0
"2.2.12","20 to 24",0
"2.2.12","25 to 34",0
"2.2.12","35 to 44",1
"2.2.12","45 to 54",2
"2.2.12","55 to 64",0
"2.2.12","65+",0
"2.2.13","16 to 19",0
"2.2.13","20 to 24",2
"2.2.13","25 to 34",2
"2.2.13","35 to 44",1
"2.2.13","45 to 54",1
"2.2.13","55 to 64",2
"2.2.13","65+",1
"2.2.14","16 to 19",0
"2.2.14","20 to 24",3
"2.2.14","25 to 34",25
"2.2.14","35 to 44",27
"2.2.14","45 to 54",21
"2.2.14","55 to 64",16
"2.2.14","65+",5
"2.2.15","16 to 19",12
"2.2.15","20 to 24",122
"2.2.15","25 to 34",228
"2.2.15","35 to 44",151
"2.2.15","45 to 54",149
"2.2.15","55 to 64",156
"2.2.15","65+",81
"2.2.16","16 to 19",0
"2.2.16","20 to 24",6
"2.2.16","25 to 34",6
"2.2.16","35 to 44",8
"2.2.16","45 to 54",11
"2.2.16","55 to 64",18
"2.2.16","65+",17
"2.2.17","16 to 19",1
"2.2.17","20 to 24",1
"2.2.17","25 to 34",10
"2.2.17","35 to 44",9
"2.2.17","45 to 54",6
"2.2.17","55 to 64",4
"2.2.17","65+",3
"2.2.18","16 to 19",68
"2.2.18","20 to 24",37
"2.2.18","25 to 34",8
"2.2.18","35 to 44",2
"2.2.18","45 to 54",10
"2.2.18","55 to 64",7
"2.2.18","65+",7
"2.2.2","16 to 19",0
"2.2.2","20 to 24",0
"2.2.2","25 to 34",5
"2.2.2","35 to 44",39
"2.2.2","45 to 54",54
"2.2.2","55 to 64",24
"2.2.2","65+",4
"2.2.3","16 to 19",0
"2.2.3","20 to 24",0
"2.2.3","25 to 34",6
"2.2.3","35 to 44",17
"2.2.3","45 to 54",26
"2.2.3","55 to 64",10
"2.2.3","65+",0
"2.2.4","16 to 19",0
"2.2.4","20 to 24",4
"2.2.4","25 to 34",20
"2.2.4","35 to 44",20
"2.2.4","45 to 54",23
"2.2.4","55 to 64",17
"2.2.4","65+",6
"2.2.5","16 to 19",3
"2.2.5","20 to 24",14
"2.2.5","25 to 34",91
"2.2.5","35 to 44",98
"2.2.5","45 to 54",68
"2.2.5","55 to 64",22
"2.2.5","65+",4
"2.2.6","16 to 19",0
"2.2.6","20 to 24",0
"2.2.6","25 to 34",5
"2.2.6","35 to 44",2
"2.2.6","45 to 54",2
"2.2.6","55 to 64",3
"2.2.6","65+",1
"2.2.7","16 to 19",4
"2.2.7","20 to 24",39
"2.2.7","25 to 34",96
"2.2.7","35 to 44",93
"2.2.7","45 to 54",103
"2.2.7","55 to 64",50
"2.2.7","65+",11
"2.2.8","16 to 19",1
"2.2.8","20 to 24",4
"2.2.8","25 to 34",33
"2.2.8","35 to 44",54
"2.2.8","45 to 54",40
"2.2.8","55 to 64",28
"2.2.8","65+",3
"2.2.9","16 to 19",0
"2.2.9","20 to 24",1
"2.2.9","25 to 34",0
"2.2.9","35 to 44",1
"2.2.9","45 to 54",1
"2.2.9","55 to 64",0
"2.2.9","65+",0
"2.3.1","16 to 19",5
"2.3.1","20 to 24",54
"2.3.1","25 to 34",124
"2.3.1","35 to 44",96
"2.3.1","45 to 54",97
"2.3.1","55 to 64",47
"2.3.1","65+",7
"2.3.10","16 to 19",92
"2.3.10","20 to 24",75
"2.3.10","25 to 34",60
"2.3.10","35 to 44",48
"2.3.10","45 to 54",49
"2.3.10","55 to 64",36
"2.3.10","65+",15
"2.3.11","16 to 19",60
"2.3.11","20 to 24",51
"2.3.11","25 to 34",43
"2.3.11","35 to 44",31
"2.3.11","45 to 54",30
"2.3.11","55 to 64",25
"2.3.11","65+",7
"2.3.12","16 to 19",124
"2.3.12","20 to 24",93
"2.3.12","25 to 34",34
"2.3.12","35 to 44",13
"2.3.12","45 to 54",12
"2.3.12","55 to 64",9
"2.3.12","65+",13
"2.3.13","16 to 19",2
"2.3.13","20 to 24",1
"2.3.13","25 to 34",1
"2.3.13","35 to 44",0
"2.3.13","45 to 54",0
"2.3.13","55 to 64",2
"2.3.13","65+",0
"2.3.2","16 to 19",25
"2.3.2","20 to 24",106
"2.3.2","25 to 34",139
"2.3.2","35 to 44",110
"2.3.2","45 to 54",95
"2.3.2","55 to 64",53
"2.3.2","65+",17
"2.3.3","16 to 19",229
"2.3.3","20 to 24",330
"2.3.3","25 to 34",504
"2.3.3","35 to 44",348
"2.3.3","45 to 54",326
"2.3.3","55 to 64",198
"2.3.3","65+",56
"2.3.4","16 to 19",167
"2.3.4","20 to 24",243
"2.3.4","25 to 34",178
"2.3.4","35 to 44",107
"2.3.4","45 to 54",96
"2.3.4","55 to 64",61
"2.3.4","65+",33
"2.3.5","16 to 19",5
"2.3.5","20 to 24",79
"2.3.5","25 to 34",161
"2.3.5","35 to 44",83
"2.3.5","45 to 54",42
"2.3.5","55 to 64",33
"2.3.5","65+",12
"2.3.6","16 to 19",92
"2.3.6","20 to 24",116
"2.3.6","25 to 34",76
"2.3.6","35 to 44",41
"2.3.6","45 to 54",45
"2.3.6","55 to 64",38
"2.3.6","65+",20
"2.3.7","16 to 19",119
"2.3.7","20 to 24",75
"2.3.7","25 to 34",26
"2.3.7","35 to 44",14
"2.3.7","45 to 54",13
"2.3.7","55 to 64",5
"2.3.7","65+",2
"2.3.8","16 to 19",300
"2.3.8","20 to 24",679
"2.3.8","25 to 34",492
"2.3.8","35 to 44",275
"2.3.8","45 to 54",178
"2.3.8","55 to 64",102
"2.3.8","65+",29
"2.3.9","16 to 19",22
"2.3.9","20 to 24",31
"2.3.9","25 to 34",34
"2.3.9","35 to 44",24
"2.3.9","45 to 54",41
"2.3.9","55 to 64",25
"2.3.9","65+",8
"2.4.1","16 to 19",4
"2.4.1","20 to 24",6
"2.4.1","25 to 34",42
"2.4.1","35 to 44",62
"2.4.1","45 to 54",92
"2.4.1","55 to 64",61
"2.4.1","65+",15
"2.4.2","16 to 19",2
"2.4.2","20 to 24",7
"2.4.2","25 to 34",40
"2.4.2","35 to 44",55
"2.4.2","45 to 54",58
"2.4.2","55 to 64",43
"2.4.2","65+",6
"2.4.3","16 to 19",92
"2.4.3","20 to 24",213
"2.4.3","25 to 34",377
"2.4.3","35 to 44",408
"2.4.3","45 to 54",561
"2.4.3","55 to 64",519
"2.4.3","65+",160
"2.4.4","16 to 19",27
"2.4.4","20 to 24",99
"2.4.4","25 to 34",282
"2.4.4","35 to 44",360
"2.4.4","45 to 54",404
"2.4.4","55 to 64",258
"2.4.4","65+",85
"2.4.5","16 to 19",1
"2.4.5","20 to 24",8
"2.4.5","25 to 34",19
"2.4.5","35 to 44",14
"2.4.5","45 to 54",20
"2.4.5","55 to 64",16
"2.4.5","65+",2
"2.4.6","16 to 19",73
"2.4.6","20 to 24",173
"2.4.6","25 to 34",321
"2.4.6","35 to 44",293
"2.4.6","45 to 54",266
"2.4.6","55 to 64",193
"2.4.6","65+",70
"2.5.1","16 to 19",1
"2.5.1","20 to 24",14
"2.5.1","25 to 34",39
"2.5.1","35 to 44",43
"2.5.1","45 to 54",22
"2.5.1","55 to 64",24
"2.5.1","65+",8
"2.5.10","16 to 19",0
"2.5.10","20 to 24",1
"2.5.10","25 to 34",8
"2.5.10","35 to 44",3
"2.5.10","45 to 54",6
"2.5.10","55 to 64",4
"2.5.10","65+",6
"2.5.11","16 to 19",0
"2.5.11","20 to 24",6
"2.5.11","25 to 34",29
"2.5.11","35 to 44",32
"2.5.11","45 to 54",19
"2.5.11","55 to 64",12
"2.5.11","65+",11
"2.5.12","16 to 19",8
"2.5.12","20 to 24",93
"2.5.12","25 to 34",193
"2.5.12","35 to 44",154
"2.5.12","45 to 54",154
"2.5.12","55 to 64",102
"2.5.12","65+",55
"2.5.13","16 to 19",3
"2.5.13","20 to 24",28
"2.5.13","25 to 34",81
"2.5.13","35 to 44",86
"2.5.13","45 to 54",63
"2.5.13","55 to 64",27
"2.5.13","65+",7
"2.5.14","16 to 19",2
"2.5.14","20 to 24",11
"2.5.14","25 to 34",20
"2.5.14","35 to 44",12
"2.5.14","45 to 54",22
"2.5.14","55 to 64",12
"2.5.14","65+",6
"2.5.15","16 to 19",6
"2.5.15","20 to 24",15
"2.5.15","25 to 34",7
"2.5.15","35 to 44",9
"2.5.15","45 to 54",5
"2.5.15","55 to 64",7
"2.5.15","65+",7
"2.5.16","16 to 19",107
"2.5.16","20 to 24",216
"2.5.16","25 to 34",251
"2.5.16","35 to 44",183
"2.5.16","45 to 54",209
"2.5.16","55 to 64",195
"2.5.16","65+",56
"2.5.17","16 to 19",24
"2.5.17","20 to 24",148
"2.5.17","25 to 34",221
"2.5.17","35 to 44",220
"2.5.17","45 to 54",290
"2.5.17","55 to 64",238
"2.5.17","65+",114
"2.5.18","16 to 19",29
"2.5.18","20 to 24",71
"2.5.18","25 to 34",79
"2.5.18","35 to 44",91
"2.5.18","45 to 54",71
"2.5.18","55 to 64",51
"2.5.18","65+",12
"2.5.19","16 to 19",4
"2.5.19","20 to 24",13
"2.5.19","25 to 34",9
"2.5.19","35 to 44",6
"2.5.19","45 to 54",3
"2.5.19","55 to 64",5
"2.5.19","65+",3
"2.5.2","16 to 19",0
"2.5.2","20 to 24",10
"2.5.2","25 to 34",40
"2.5.2","35 to 44",49
"2.5.2","45 to 54",59
"2.5.2","55 to 64",31
"2.5.2","65+",13
"2.5.20","16 to 19",7
"2.5.20","20 to 24",21
"2.5.20","25 to 34",28
"2.5.20","35 to 44",31
"2.5.20","45 to 54",16
"2.5.20","55 to 64",16
"2.5.20","65+",13
"2.5.3","16 to 19",0
"2.5.3","20 to 24",7
"2.5.3","25 to 34",4
"2.5.3","35 to 44",6
"2.5.3","45 to 54",9
"2.5.3","55 to 64",12
"2.5.3","65+",2
"2.5.4","16 to 19",17
"2.5.4","20 to 24",47
"2.5.4","25 to 34",50
"2.5.4","35 to 44",24
"2.5.4","45 to 54",36
"2.5.4","55 to 64",21
"2.5.4","65+",7
"2.5.5","16 to 19",3
"2.5.5","20 to 24",10
"2.5.5","25 to 34",22
"2.5.5","35 to 44",25
"2.5.5","45 to 54",18
"2.5.5","55 to 64",16
"2.5.5","65+",5
"2.5.6","16 to 19",0
"2.5.6","20 to 24",0
"2.5.6","25 to 34",2
"2.5.6","35 to 44",1
"2.5.6","45 to 54",0
"2.5.6","55 to 64",0
"2.5.6","65+",0
"2.5.7","16 to 19",16
"2.5.7","20 to 24",18
"2.5.7","25 to 34",5
"2.5.7","35 to 44",0
"2.5.7","45 to 54",3
"2.5.7","55 to 64",5
"2.5.7","65+",7
"2.5.8","16 to 19",38
"2.5.8","20 to 24",53
"2.5.8","25 to 34",35
"2.5.8","35 to 44",14
"2.5.8","45 to 54",16
"2.5.8","55 to 64",14
"2.5.8","65+",19
"2.5.9","16 to 19",0
"2.5.9","20 to 24",1
"2.5.9","25 to 34",2
"2.5.9","35 to 44",1
"2.5.9","45 to 54",1
"2.5.9","55 to 64",4
"2.5.9","65+",3
"3.1.1","16 to 19",26
"3.1.1","20 to 24",288
"3.1.1","25 to 34",766
"3.1.1","35 to 44",708
"3.1.1","45 to 54",780
"3.1.1","55 to 64",525
"3.1.1","65+",192
"3.1.10","16 to 19",0
"3.1.10","20 to 24",3
"3.1.10","25 to 34",10
"3.1.10","35 to 44",15
"3.1.10","45 to 54",25
"3.1.10","55 to 64",17
"3.1.10","65+",11
"3.1.11","16 to 19",3
"3.1.11","20 to 24",39
"3.1.11","25 to 34",132
"3.1.11","35 to 44",105
"3.1.11","45 to 54",104
"3.1.11","55 to 64",74
"3.1.11","65+",22
"3.1.12","16 to 19",12
"3.1.12","20 to 24",83
"3.1.12","25 to 34",276
"3.1.12","35 to 44",274
"3.1.12","45 to 54",343
"3.1.12","55 to 64",232
"3.1.12","65+",89
"3.1.13","16 to 19",6
"3.1.13","20 to 24",9
"3.1.13","25 to 34",10
"3.1.13","35 to 44",9
"3.1.13","45 to 54",10
"3.1.13","55 to 64",8
"3.1.13","65+",14
"3.1.14","16 to 19",3
"3.1.14","20 to 24",33
"3.1.14","25 to 34",109
"3.1.14","35 to 44",174
"3.1.14","45 to 54",223
"3.1.14","55 to 64",190
"3.1.14","65+",138
"3.1.15","16 to 19",0
"3.1.15","20 to 24",2
"3.1.15","25 to 34",7
"3.1.15","35 to 44",11
"3.1.15","45 to 54",12
"3.1.15","55 to 64",9
"3.1.15","65+",2
"3.1.16","16 to 19",4
"3.1.16","20 to 24",16
"3.1.16","25 to 34",19
"3.1.16","35 to 44",15
"3.1.16","45 to 54",10
"3.1.16","55 to 64",6
"3.1.16","65+",4
"3.1.17","16 to 19",6
"3.1.17","20 to 24",14
"3.1.17","25 to 34",43
"3.1.17","35 to 44",36
"3.1.17","45 to 54",39
"3.1.17","55 to 64",20
"3.1.17","65+",18
"3.1.18","16 to 19",8
"3.1.18","20 to 24",28
"3.1.18","25 to 34",52
"3.1.18","35 to 44",48
"3.1.18","45 to 54",50
"3.1.18","55 to 64",42
"3.1.18","65+",26
"3.1.2","16 to 19",2
"3.1.2","20 to 24",39
"3.1.2","25 to 34",191
"3.1.2","35 to 44",298
"3.1.2","45 to 54",332
"3.1.2","55 to 64",243
"3.1.2","65+",95
"3.1.3","16 to 19",681
"3.1.3","20 to 24",855
"3.1.3","25 to 34",566
"3.1.3","35 to 44",334
"3.1.3","45 to 54",374
"3.1.3","55 to 64",304
"3.1.3","65+",129
"3.1.4","16 to 19",8
"3.1.4","20 to 24",23
"3.1.4","25 to 34",29
"3.1.4","35 to 44",20
"3.1.4","45 to 54",16
"3.1.4","55 to 64",15
"3.1.4","65+",3
"3.1.5","16 to 19",3
"3.1.5","20 to 24",9
"3.1.5","25 to 34",28
"3.1.5","35 to 44",9
"3.1.5","45 to 54",18
"3.1.5","55 to 64",21
"3.1.5","65+",5
"3.1.6","16 to 19",293
"3.1.6","20 to 24",668
"3.1.6","25 to 34",713
"3.1.6","35 to 44",421
"3.1.6","45 to 54",526
"3.1.6","55 to 64",476
"3.1.6","65+",217
"3.1.7","16 to 19",2
"3.1.7","20 to 24",24
"3.1.7","25 to 34",71
"3.1.7","35 to 44",42
"3.1.7","45 to 54",47
"3.1.7","55 to 64",32
"3.1.7","65+",9
"3.1.8","16 to 19",0
"3.1.8","20 to 24",28
"3.1.8","25 to 34",117
"3.1.8","35 to 44",113
"3.1.8","45 to 54",132
"3.1.8","55 to 64",122
"3.1.8","65+",50
"3.1.9","16 to 19",0
"3.1.9","20 to 24",11
"3.1.9","25 to 34",81
"3.1.9","35 to 44",64
"3.1.9","45 to 54",61
"3.1.9","55 to 64",27
"3.1.9","65+",12
"3.2.1","16 to 19",3
"3.2.1","20 to 24",46
"3.2.1","25 to 34",255
"3.2.1","35 to 44",347
"3.2.1","45 to 54",362
"3.2.1","55 to 64",272
"3.2.1","65+",64
"3.2.10","16 to 19",0
"3.2.10","20 to 24",3
"3.2.10","25 to 34",5
"3.2.10","35 to 44",6
"3.2.10","45 to 54",8
"3.2.10","55 to 64",7
"3.2.10","65+",0
"3.2.11","16 to 19",10
"3.2.11","20 to 24",96
"3.2.11","25 to 34",105
"3.2.11","35 to 44",53
"3.2.11","45 to 54",47
"3.2.11","55 to 64",37
"3.2.11","65+",14
"3.2.12","16 to 19",0
"3.2.12","20 to 24",5
"3.2.12","25 to 34",16
"3.2.12","35 to 44",13
"3.2.12","45 to 54",20
"3.2.12","55 to 64",9
"3.2.12","65+",3
"3.2.13","16 to 19",0
"3.2.13","20 to 24",0
"3.2.13","25 to 34",2
"3.2.13","35 to 44",1
"3.2.13","45 to 54",1
"3.2.13","55 to 64",1
"3.2.13","65+",0
"3.2.14","16 to 19",1
"3.2.14","20 to 24",1
"3.2.14","25 to 34",2
"3.2.14","35 to 44",0
"3.2.14","45 to 54",1
"3.2.14","55 to 64",1
"3.2.14","65+",0
"3.2.15","16 to 19",1
"3.2.15","20 to 24",2
"3.2.15","25 to 34",9
"3.2.15","35 to 44",14
"3.2.15","45 to 54",23
"3.2.15","55 to 64",13
"3.2.15","65+",7
"3.2.16","16 to 19",0
"3.2.16","20 to 24",5
"3.2.16","25 to 34",17
"3.2.16","35 to 44",5
"3.2.16","45 to 54",11
"3.2.16","55 to 64",3
"3.2.16","65+",2
"3.2.17","16 to 19",122
"3.2.17","20 to 24",341
"3.2.17","25 to 34",531
"3.2.17","35 to 44",373
"3.2.17","45 to 54",377
"3.2.17","55 to 64",277
"3.2.17","65+",66
"3.2.18","16 to 19",1
"3.2.18","20 to 24",0
"3.2.18","25 to 34",14
"3.2.18","35 to 44",22
"3.2.18","45 to 54",16
"3.2.18","55 to 64",15
"3.2.18","65+",2
"3.2.19","16 to 19",11
"3.2.19","20 to 24",29
"3.2.19","25 to 34",40
"3.2.19","35 to 44",40
"3.2.19","45 to 54",51
"3.2.19","55 to 64",35
"3.2.19","65+",20
"3.2.2","16 to 19",0
"3.2.2","20 to 24",4
"3.2.2","25 to 34",5
"3.2.2","35 to 44",3
"3.2.2","45 to 54",1
"3.2.2","55 to 64",5
"3.2.2","65+",2
"3.2.20","16 to 19",7
"3.2.20","20 to 24",31
"3.2.20","25 to 34",34
"3.2.20","35 to 44",20
"3.2.20","45 to 54",14
"3.2.20","55 to 64",10
"3.2.20","65+",4
"3.2.21","16 to 19",1
"3.2.21","20 to 24",11
"3.2.21","25 to 34",48
"3.2.21","35 to 44",30
"3.2.21","45 to 54",34
"3.2.21","55 to 64",21
"3.2.21","65+",13
"3.2.22","16 to 19",7
"3.2.22","20 to 24",16
"3.2.22","25 to 34",17
"3.2.22","35 to 44",14
"3.2.22","45 to 54",16
"3.2.22","55 to 64",16
"3.2.22","65+",12
"3.2.23","16 to 19",1
"3.2.23","20 to 24",15
"3.2.23","25 to 34",46
"3.2.23","35 to 44",32
"3.2.23","45 to 54",27
"3.2.23","55 to 64",16
"3.2.23","65+",6
"3.2.24","16 to 19",1
"3.2.24","20 to 24",1
"3.2.24","25 to 34",9
"3.2.24","35 to 44",7
"3.2.24","45 to 54",7
"3.2.24","55 to 64",3
"3.2.24","65+",1
"3.2.25","16 to 19",3
"3.2.25","20 to 24",17
"3.2.25","25 to 34",35
"3.2.25","35 to 44",15
"3.2.25","45 to 54",17
"3.2.25","55 to 64",14
"3.2.25","65+",4
"3.2.26","16 to 19",0
"3.2.26","20 to 24",7
"3.2.26","25 to 34",25
"3.2.26","35 to 44",21
"3.2.26","45 to 54",28
"3.2.26","55 to 64",15
"3.2.26","65+",4
"3.2.27","16 to 19",64
"3.2.27","20 to 24",232
"3.2.27","25 to 34",327
"3.2.27","35 to 44",195
"3.2.27","45 to 54",212
"3.2.27","55 to 64",200
"3.2.27","65+",72
"3.2.28","16 to 19",1
"3.2.28","20 to 24",13
"3.2.28","25 to 34",20
"3.2.28","35 to 44",14
"3.2.28","45 to 54",22
"3.2.28","55 to 64",21
"3.2.28","65+",3
"3.2.29","16 to 19",1
"3.2.29","20 to 24",4
"3.2.29","25 to 34",27
"3.2.29","35 to 44",16
"3.2.29","45 to 54",21
"3.2.29","55 to 64",17
"3.2.29","65+",9
"3.2.3","16 to 19",0
"3.2.3","20 to 24",8
"3.2.3","25 to 34",4
"3.2.3","35 to 44",8
"3.2.3","45 to 54",8
"3.2.3","55 to 64",3
"3.2.3","65+",2
"3.2.30","16 to 19",0
"3.2.30","20 to 24",3
"3.2.30","25 to 34",5
"3.2.30","35 to 44",5
"3.2.30","45 to 54",4
"3.2.30","55 to 64",6
"3.2.30","65+",0
"3.2.31","16 to 19",6
"3.2.31","20 to 24",18
"3.2.31","25 to 34",41
"3.2.31","35 to 44",53
"3.2.31","45 to 54",49
"3.2.31","55 to 64",52
"3.2.31","65+",14
"3.2.32","16 to 19",6
"3.2.32","20 to 24",23
"3.2.32","25 to 34",71
"3.2.32","35 to 44",64
"3.2.32","45 to 54",58
"3.2.32","55 to 64",39
"3.2.32","65+",6
"3.2.33","16 to 19",3
"3.2.33","20 to 24",0
"3.2.33","25 to 34",3
"3.2.33","35 to 44",6
"3.2.33","45 to 54",5
"3.2.33","55 to 64",5
"3.2.33","65+",2
"3.2.34","16 to 19",1
"3.2.34","20 to 24",8
"3.2.34","25 to 34",9
"3.2.34","35 to 44",16
"3.2.34","45 to 54",34
"3.2.34","55 to 64",46
"3.2.34","65+",3
"3.2.35","16 to 19",1
"3.2.35","20 to 24",10
"3.2.35","25 to 34",35
"3.2.35","35 to 44",55
"3.2.35","45 to 54",109
"3.2.35","55 to 64",85
"3.2.35","65+",16
"3.2.36","16 to 19",1
"3.2.36","20 to 24",5
"3.2.36","25 to 34",5
"3.2.36","35 to 44",10
"3.2.36","45 to 54",15
"3.2.36","55 to 64",23
"3.2.36","65+",1
"3.2.37","16 to 19",1
"3.2.37","20 to 24",15
"3.2.37","25 to 34",42
"3.2.37","35 to 44",58
"3.2.37","45 to 54",65
"3.2.37","55 to 64",53
"3.2.37","65+",10
"3.2.38","16 to 19",13
"3.2.38","20 to 24",69
"3.2.38","25 to 34",151
"3.2.38","35 to 44",114
"3.2.38","45 to 54",130
"3.2.38","55 to 64",102
"3.2.38","65+",29
"3.2.39","16 to 19",123
"3.2.39","20 to 24",312
"3.2.39","25 to 34",306
"3.2.39","35 to 44",230
"3.2.39","45 to 54",253
"3.2.39","55 to 64",188
"3.2.39","65+",71
"3.2.4","16 to 19",0
"3.2.4","20 to 24",1
"3.2.4","25 to 34",3
"3.2.4","35 to 44",2
"3.2.4","45 to 54",0
"3.2.4","55 to 64",2
"3.2.4","65+",1
"3.2.40","16 to 19",1
"3.2.40","20 to 24",7
"3.2.40","25 to 34",21
"3.2.40","35 to 44",13
"3.2.40","45 to 54",18
"3.2.40","55 to 64",14
"3.2.40","65+",2
"3.2.41","16 to 19",34
"3.2.41","20 to 24",160
"3.2.41","25 to 34",504
"3.2.41","35 to 44",576
"3.2.41","45 to 54",805
"3.2.41","55 to 64",727
"3.2.41","65+",190
"3.2.42","16 to 19",1
"3.2.42","20 to 24",4
"3.2.42","25 to 34",21
"3.2.42","35 to 44",17
"3.2.42","45 to 54",26
"3.2.42","55 to 64",14
"3.2.42","65+",5
"3.2.43","16 to 19",7
"3.2.43","20 to 24",30
"3.2.43","25 to 34",71
"3.2.43","35 to 44",53
"3.2.43","45 to 54",67
"3.2.43","55 to 64",50
"3.2.43","65+",15
"3.2.44","16 to 19",2
"3.2.44","20 to 24",11
"3.2.44","25 to 34",20
"3.2.44","35 to 44",24
"3.2.44","45 to 54",20
"3.2.44","55 to 64",17
"3.2.44","65+",7
"3.2.45","16 to 19",0
"3.2.45","20 to 24",0
"3.2.45","25 to 34",0
"3.2.45","35 to 44",0
"3.2.45","45 to 54",1
"3.2.45","55 to 64",0
"3.2.45","65+",1
"3.2.46","16 to 19",3
"3.2.46","20 to 24",22
"3.2.46","25 to 34",62
"3.2.46","35 to 44",72
"3.2.46","45 to 54",68
"3.2.46","55 to 64",50
"3.2.46","65+",12
"3.2.47","16 to 19",2
"3.2.47","20 to 24",13
"3.2.47","25 to 34",15
"3.2.47","35 to 44",13
"3.2.47","45 to 54",15
"3.2.47","55 to 64",18
"3.2.47","65+",3
"3.2.48","16 to 19",51
"3.2.48","20 to 24",140
"3.2.48","25 to 34",225
"3.2.48","35 to 44",214
"3.2.48","45 to 54",276
"3.2.48","55 to 64",238
"3.2.48","65+",86
"3.2.49","16 to 19",2
"3.2.49","20 to 24",4
"3.2.49","25 to 34",9
"3.2.49","35 to 44",4
"3.2.49","45 to 54",11
"3.2.49","55 to 64",7
"3.2.49","65+",2
"3.2.5","16 to 19",2
"3.2.5","20 to 24",23
"3.2.5","25 to 34",39
"3.2.5","35 to 44",42
"3.2.5","45 to 54",29
"3.2.5","55 to 64",27
"3.2.5","65+",4
"3.2.50","16 to 19",0
"3.2.50","20 to 24",1
"3.2.50","25 to 34",1
"3.2.50","35 to 44",0
"3.2.50","45 to 54",3
"3.2.50","55 to 64",4
"3.2.50","65+",1
"3.2.51","16 to 19",0
"3.2.51","20 to 24",4
"3.2.51","25 to 34",4
"3.2.51","35 to 44",5
"3.2.51","45 to 54",6
"3.2.51","55 to 64",4
"3.2.51","65+",1
"3.2.52","16 to 19",13
"3.2.52","20 to 24",36
"3.2.52","25 to 34",113
"3.2.52","35 to 44",106
"3.2.52","45 to 54",109
"3.2.52","55 to 64",94
"3.2.52","65+",27
"3.2.6","16 to 19",3
"3.2.6","20 to 24",29
"3.2.6","25 to 34",104
"3.2.6","35 to 44",117
"3.2.6","45 to 54",139
"3.2.6","55 to 64",91
"3.2.6","65+",24
"3.2.7","16 to 19",8
"3.2.7","20 to 24",54
"3.2.7","25 to 34",172
"3.2.7","35 to 44",240
"3.2.7","45 to 54",333
"3.2.7","55 to 64",291
"3.2.7","65+",135
"3.2.8","16 to 19",0
"3.2.8","20 to 24",1
"3.2.8","25 to 34",4
"3.2.8","35 to 44",5
"3.2.8","45 to 54",1
"3.2.8","55 to 64",2
"3.2.8","65+",0
"3.2.9","16 to 19",0
"3.2.9","20 to 24",7
"3.2.9","25 to 34",28
"3.2.9","35 to 44",30
"3.2.9","45 to 54",42
"3.2.9","55 to 64",33
"3.2.9","65+",5
"4.1.1","16 to 19",0
"4.1.1","20 to 24",2
"4.1.1","25 to 34",6
"4.1.1","35 to 44",12
"4.1.1","45 to 54",8
"4.1.1","55 to 64",10
"4.1.1","65+",7
"4.1.2","16 to 19",0
"4.1.2","20 to 24",0
"4.1.2","25 to 34",4
"4.1.2","35 to 44",2
"4.1.2","45 to 54",5
"4.1.2","55 to 64",4
"4.1.2","65+",1
"4.1.3","16 to 19",0
"4.1.3","20 to 24",1
"4.1.3","25 to 34",1
"4.1.3","35 to 44",1
"4.1.3","45 to 54",2
"4.1.3","55 to 64",0
"4.1.3","65+",1
"4.1.4","16 to 19",2
"4.1.4","20 to 24",10
"4.1.4","25 to 34",26
"4.1.4","35 to 44",24
"4.1.4","45 to 54",15
"4.1.4","55 to 64",14
"4.1.4","65+",2
"4.1.5","16 to 19",71
"4.1.5","20 to 24",94
"4.1.5","25 to 34",185
"4.1.5","35 to 44",138
"4.1.5","45 to 54",130
"4.1.5","55 to 64",90
"4.1.5","65+",31
"4.1.6","16 to 19",2
"4.1.6","20 to 24",2
"4.1.6","25 to 34",5
"4.1.6","35 to 44",4
"4.1.6","45 to 54",11
"4.1.6","55 to 64",7
"4.1.6","65+",2
"4.1.7","16 to 19",0
"4.1.7","20 to 24",0
"4.1.7","25 to 34",1
"4.1.7","35 to 44",0
"4.1.7","45 to 54",0
"4.1.7","55 to 64",0
"4.1.7","65+",1
"4.1.8","16 to 19",0
"4.1.8","20 to 24",1
"4.1.8","25 to 34",3
"4.1.8","35 to 44",6
"4.1.8","45 to 54",1
"4.1.8","55 to 64",5
"4.1.8","65+",1
"4.1.9","16 to 19",2
"4.1.9","20 to 24",4
"4.1.9","25 to 34",15
"4.1.9","35 to 44",14
"4.1.9","45 to 54",20
"4.1.9","55 to 64",11
"4.1.9","65+",5
"4.2.1","16 to 19",1
"4.2.1","20 to 24",19
"4.2.1","25 to 34",132
"4.2.1","35 to 44",157
"4.2.1","45 to 54",204
"4.2.1","55 to 64",152
"4.2.1","65+",30
"4.2.10","16 to 19",2
"4.2.10","20 to 24",22
"4.2.10","25 to 34",75
"4.2.10","35 to 44",74
"4.2.10","45 to 54",82
"4.2.10","55 to 64",68
"4.2.10","65+",13
"4.2.11","16 to 19",1
"4.2.11","20 to 24",9
"4.2.11","25 to 34",47
"4.2.11","35 to 44",59
"4.2.11","45 to 54",31
"4.2.11","55 to 64",13
"4.2.11","65+",2
"4.2.12","16 to 19",9
"4.2.12","20 to 24",62
"4.2.12","25 to 34",187
"4.2.12","35 to 44",198
"4.2.12","45 to 54",199
"4.2.12","55 to 64",94
"4.2.12","65+",20
"4.2.13","16 to 19",0
"4.2.13","20 to 24",1
"4.2.13","25 to 34",9
"4.2.13","35 to 44",10
"4.2.13","45 to 54",8
"4.2.13","55 to 64",5
"4.2.13","65+",2
"4.2.14","16 to 19",0
"4.2.14","20 to 24",2
"4.2.14","25 to 34",16
"4.2.14","35 to 44",10
"4.2.14","45 to 54",9
"4.2.14","55 to 64",6
"4.2.14","65+",0
"4.2.15","16 to 19",8
"4.2.15","20 to 24",47
"4.2.15","25 to 34",131
"4.2.15","35 to 44",144
"4.2.15","45 to 54",143
"4.2.15","55 to 64",72
"4.2.15","65+",16
"4.2.16","16 to 19",0
"4.2.16","20 to 24",1
"4.2.16","25 to 34",0
"4.2.16","35 to 44",0
"4.2.16","45 to 54",2
"4.2.16","55 to 64",1
"4.2.16","65+",0
"4.2.17","16 to 19",9
"4.2.17","20 to 24",40
"4.2.17","25 to 34",139
"4.2.17","35 to 44",141
"4.2.17","45 to 54",124
"4.2.17","55 to 64",93
"4.2.17","65+",19
"4.2.18","16 to 19",1
"4.2.18","20 to 24",1
"4.2.18","25 to 34",11
"4.2.18","35 to 44",7
"4.2.18","45 to 54",7
"4.2.18","55 to 64",5
"4.2.18","65+",0
"4.2.19","16 to 19",0
"4.2.19","20 to 24",2
"4.2.19","25 to 34",5
"4.2.19","35 to 44",1
"4.2.19","45 to 54",1
"4.2.19","55 to 64",0
"4.2.19","65+",0
"4.2.2","16 to 19",0
"4.2.2","20 to 24",3
"4.2.2","25 to 34",4
"4.2.2","35 to 44",4
"4.2.2","45 to 54",4
"4.2.2","55 to 64",1
"4.2.2","65+",0
"4.2.20","16 to 19",6
"4.2.20","20 to 24",21
"4.2.20","25 to 34",79
"4.2.20","35 to 44",50
"4.2.20","45 to 54",33
"4.2.20","55 to 64",17
"4.2.20","65+",1
"4.2.21","16 to 19",1
"4.2.21","20 to 24",10
"4.2.21","25 to 34",21
"4.2.21","35 to 44",24
"4.2.21","45 to 54",29
"4.2.21","55 to 64",22
"4.2.21","65+",3
"4.2.22","16 to 19",1
"4.2.22","20 to 24",5
"4.2.22","25 to 34",15
"4.2.22","35 to 44",9
"4.2.22","45 to 54",14
"4.2.22","55 to 64",8
"4.2.22","65+",1
"4.2.23","16 to 19",0
"4.2.23","20 to 24",2
"4.2.23","25 to 34",6
"4.2.23","35 to 44",2
"4.2.23","45 to 54",3
"4.2.23","55 to 64",1
"4.2.23","65+",0
"4.2.24","16 to 19",6
"4.2.24","20 to 24",16
"4.2.24","25 to 34",13
"4.2.24","35 to 44",10
"4.2.24","45 to 54",6
"4.2.24","55 to 64",5
"4.2.24","65+",1
"4.2.25","16 to 19",0
"4.2.25","20 to 24",1
"4.2.25","25 to 34",7
"4.2.25","35 to 44",17
"4.2.25","45 to 54",22
"4.2.25","55 to 64",24
"4.2.25","65+",6
"4.2.26","16 to 19",0
"4.2.26","20 to 24",0
"4.2.26","25 to 34",9
"4.2.26","35 to 44",4
"4.2.26","45 to 54",4
"4.2.26","55 to 64",3
"4.2.26","65+",1
"4.2.27","16 to 19",1
"4.2.27","20 to 24",3
"4.2.27","25 to 34",11
"4.2.27","35 to 44",8
"4.2.27","45 to 54",8
"4.2.27","55 to 64",2
"4.2.27","65+",1
"4.2.28","16 to 19",0
"4.2.28","20 to 24",4
"4.2.28","25 to 34",3
"4.2.28","35 to 44",5
"4.2.28","45 to 54",7
"4.2.28","55 to 64",2
"4.2.28","65+",2
"4.2.29","16 to 19",1
"4.2.29","20 to 24",6
"4.2.29","25 to 34",19
"4.2.29","35 to 44",23
"4.2.29","45 to 54",39
"4.2.29","55 to 64",28
"4.2.29","65+",6
"4.2.3","16 to 19",3
"4.2.3","20 to 24",9
"4.2.3","25 to 34",45
"4.2.3","35 to 44",37
"4.2.3","45 to 54",24
"4.2.3","55 to 64",18
"4.2.3","65+",6
"4.2.30","16 to 19",0
"4.2.30","20 to 24",1
"4.2.30","25 to 34",4
"4.2.30","35 to 44",4
"4.2.30","45 to 54",2
"4.2.30","55 to 64",4
"4.2.30","65+",1
"4.2.31","16 to 19",0
"4.2.31","20 to 24",1
"4.2.31","25 to 34",4
"4.2.31","35 to 44",4
"4.2.31","45 to 54",4
"4.2.31","55 to 64",1
"4.2.31","65+",0
"4.2.32","16 to 19",1
"4.2.32","20 to 24",4
"4.2.32","25 to 34",12
"4.2.32","35 to 44",6
"4.2.32","45 to 54",6
"4.2.32","55 to 64",4
"4.2.32","65+",2
"4.2.33","16 to 19",1
"4.2.33","20 to 24",8
"4.2.33","25 to 34",23
"4.2.33","35 to 44",10
"4.2.33","45 to 54",8
"4.2.33","55 to 64",5
"4.2.33","65+",0
"4.2.34","16 to 19",1
"4.2.34","20 to 24",2
"4.2.34","25 to 34",8
"4.2.34","35 to 44",8
"4.2.34","45 to 54",8
"4.2.34","55 to 64",3
"4.2.34","65+",0
"4.2.35","16 to 19",0
"4.2.35","20 to 24",0
"4.2.35","25 to 34",1
"4.2.35","35 to 44",0
"4.2.35","45 to 54",2
"4.2.35","55 to 64",1
"4.2.35","65+",0
"4.2.36","16 to 19",1
"4.2.36","20 to 24",11
"4.2.36","25 to 34",17
"4.2.36","35 to 44",13
"4.2.36","45 to 54",14
"4.2.36","55 to 64",10
"4.2.36","65+",0
"4.2.37","16 to 19",0
"4.2.37","20 to 24",0
"4.2.37","25 to 34",2
"4.2.37","35 to 44",0
"4.2.37","45 to 54",0
"4.2.37","55 to 64",0
"4.2.37","65+",0
"4.2.38","16 to 19",2
"4.2.38","20 to 24",2
"4.2.38","25 to 34",4
"4.2.38","35 to 44",1
"4.2.38","45 to 54",2
"4.2.38","55 to 64",0
"4.2.38","65+",0
"4.2.39","16 to 19",0
"4.2.39","20 to 24",2
"4.2.39","25 to 34",1
"4.2.39","35 to 44",2
"4.2.39","45 to 54",2
"4.2.39","55 to 64",0
"4.2.39","65+",0
"4.2.4","16 to 19",21
"4.2.4","20 to 24",109
"4.2.4","25 to 34",311
"4.2.4","35 to 44",313
"4.2.4","45 to 54",302
"4.2.4","55 to 64",185
"4.2.4","65+",40
"4.2.40","16 to 19",3
"4.2.40","20 to 24",19
"4.2.40","25 to 34",29
"4.2.40","35 to 44",19
"4.2.40","45 to 54",14
"4.2.40","55 to 64",7
"4.2.40","65+",2
"4.2.5","16 to 19",2
"4.2.5","20 to 24",11
"4.2.5","25 to 34",48
"4.2.5","35 to 44",41
"4.2.5","45 to 54",39
"4.2.5","55 to 64",26
"4.2.5","65+",3
"4.2.6","16 to 19",1
"4.2.6","20 to 24",4
"4.2.6","25 to 34",14
"4.2.6","35 to 44",18
"4.2.6","45 to 54",16
"4.2.6","55 to 64",2
"4.2.6","65+",3
"4.2.7","16 to 19",57
"4.2.7","20 to 24",187
"4.2.7","25 to 34",469
"4.2.7","35 to 44",389
"4.2.7","45 to 54",347
"4.2.7","55 to 64",191
"4.2.7","65+",46
"4.2.8","16 to 19",0
"4.2.8","20 to 24",1
"4.2.8","25 to 34",6
"4.2.8","35 to 44",3
"4.2.8","45 to 54",6
"4.2.8","55 to 64",3
"4.2.8","65+",0
"4.2.9","16 to 19",0
"4.2.9","20 to 24",0
"4.2.9","25 to 34",1
"4.2.9","35 to 44",0
"4.2.9","45 to 54",1
"4.2.9","55 to 64",0
"4.2.9","65+",0
"4.3.1","16 to 19",0
"4.3.1","20 to 24",3
"4.3.1","25 to 34",40
"4.3.1","35 to 44",69
"4.3.1","45 to 54",93
"4.3.1","55 to 64",67
"4.3.1","65+",11
"4.3.10","16 to 19",0
"4.3.10","20 to 24",3
"4.3.10","25 to 34",20
"4.3.10","35 to 44",10
"4.3.10","45 to 54",15
"4.3.10","55 to 64",8
"4.3.10","65+",1
"4.3.11","16 to 19",0
"4.3.11","20 to 24",6
"4.3.11","25 to 34",35
"4.3.11","35 to 44",22
"4.3.11","45 to 54",37
"4.3.11","55 to 64",21
"4.3.11","65+",5
"4.3.12","16 to 19",3
"4.3.12","20 to 24",14
"4.3.12","25 to 34",30
"4.3.12","35 to 44",26
"4.3.12","45 to 54",38
"4.3.12","55 to 64",17
"4.3.12","65+",5
"4.3.13","16 to 19",1
"4.3.13","20 to 24",2
"4.3.13","25 to 34",6
"4.3.13","35 to 44",5
"4.3.13","45 to 54",3
"4.3.13","55 to 64",2
"4.3.13","65+",1
"4.3.14","16 to 19",17
"4.3.14","20 to 24",96
"4.3.14","25 to 34",222
"4.3.14","35 to 44",214
"4.3.14","45 to 54",198
"4.3.14","55 to 64",111
"4.3.14","65+",25
"4.3.15","16 to 19",4
"4.3.15","20 to 24",32
"4.3.15","25 to 34",78
"4.3.15","35 to 44",66
"4.3.15","45 to 54",86
"4.3.15","55 to 64",44
"4.3.15","65+",13
"4.3.16","16 to 19",1
"4.3.16","20 to 24",23
"4.3.16","25 to 34",54
"4.3.16","35 to 44",40
"4.3.16","45 to 54",51
"4.3.16","55 to 64",30
"4.3.16","65+",12
"4.3.17","16 to 19",2
"4.3.17","20 to 24",4
"4.3.17","25 to 34",19
"4.3.17","35 to 44",8
"4.3.17","45 to 54",9
"4.3.17","55 to 64",6
"4.3.17","65+",2
"4.3.18","16 to 19",6
"4.3.18","20 to 24",23
"4.3.18","25 to 34",21
"4.3.18","35 to 44",19
"4.3.18","45 to 54",13
"4.3.18","55 to 64",9
"4.3.18","65+",2
"4.3.19","16 to 19",0
"4.3.19","20 to 24",2
"4.3.19","25 to 34",5
"4.3.19","35 to 44",4
"4.3.19","45 to 54",4
"4.3.19","55 to 64",4
"4.3.19","65+",0
"4.3.2","16 to 19",5
"4.3.2","20 to 24",22
"4.3.2","25 to 34",68
"4.3.2","35 to 44",64
"4.3.2","45 to 54",57
"4.3.2","55 to 64",44
"4.3.2","65+",5
"4.3.20","16 to 19",5
"4.3.20","20 to 24",32
"4.3.20","25 to 34",93
"4.3.20","35 to 44",99
"4.3.20","45 to 54",74
"4.3.20","55 to 64",64
"4.3.20","65+",11
"4.3.21","16 to 19",0
"4.3.21","20 to 24",2
"4.3.21","25 to 34",10
"4.3.21","35 to 44",9
"4.3.21","45 to 54",16
"4.3.21","55 to 64",10
"4.3.21","65+",4
"4.3.22","16 to 19",3
"4.3.22","20 to 24",23
"4.3.22","25 to 34",84
"4.3.22","35 to 44",96
"4.3.22","45 to 54",129
"4.3.22","55 to 64",103
"4.3.22","65+",16
"4.3.23","16 to 19",5
"4.3.23","20 to 24",26
"4.3.23","25 to 34",83
"4.3.23","35 to 44",77
"4.3.23","45 to 54",143
"4.3.23","55 to 64",117
"4.3.23","65+",20
"4.3.24","16 to 19",1
"4.3.24","20 to 24",4
"4.3.24","25 to 34",2
"4.3.24","35 to 44",8
"4.3.24","45 to 54",9
"4.3.24","55 to 64",7
"4.3.24","65+",4
"4.3.25","16 to 19",0
"4.3.25","20 to 24",2
"4.3.25","25 to 34",8
"4.3.25","35 to 44",9
"4.3.25","45 to 54",11
"4.3.25","55 to 64",13
"4.3.25","65+",4
"4.3.26","16 to 19",1
"4.3.26","20 to 24",6
"4.3.26","25 to 34",41
"4.3.26","35 to 44",28
"4.3.26","45 to 54",25
"4.3.26","55 to 64",11
"4.3.26","65+",3
"4.3.27","16 to 19",2
"4.3.27","20 to 24",13
"4.3.27","25 to 34",55
"4.3.27","35 to 44",56
"4.3.27","45 to 54",37
"4.3.27","55 to 64",20
"4.3.27","65+",1
"4.3.28","16 to 19",0
"4.3.28","20 to 24",3
"4.3.28","25 to 34",16
"4.3.28","35 to 44",21
"4.3.28","45 to 54",20
"4.3.28","55 to 64",18
"4.3.28","65+",7
"4.3.29","16 to 19",0
"4.3.29","20 to 24",1
"4.3.29","25 to 34",0
"4.3.29","35 to 44",0
"4.3.29","45 to 54",2
"4.3.29","55 to 64",0
"4.3.29","65+",0
"4.3.3","16 to 19",1
"4.3.3","20 to 24",12
"4.3.3","25 to 34",29
"4.3.3","35 to 44",33
"4.3.3","45 to 54",30
"4.3.3","55 to 64",27
"4.3.3","65+",3
"4.3.30","16 to 19",0
"4.3.30","20 to 24",4
"4.3.30","25 to 34",5
"4.3.30","35 to 44",10
"4.3.30","45 to 54",7
"4.3.30","55 to 64",14
"4.3.30","65+",3
"4.3.31","16 to 19",0
"4.3.31","20 to 24",0
"4.3.31","25 to 34",0
"4.3.31","35 to 44",2
"4.3.31","45 to 54",1
"4.3.31","55 to 64",0
"4.3.31","65+",0
"4.3.32","16 to 19",1
"4.3.32","20 to 24",0
"4.3.32","25 to 34",6
"4.3.32","35 to 44",4
"4.3.32","45 to 54",6
"4.3.32","55 to 64",10
"4.3.32","65+",3
"4.3.33","16 to 19",0
"4.3.33","20 to 24",1
"4.3.33","25 to 34",0
"4.3.33","35 to 44",1
"4.3.33","45 to 54",1
"4.3.33","55 to 64",1
"4.3.33","65+",0
"4.3.34","16 to 19",0
"4.3.34","20 to 24",2
"4.3.34","25 to 34",5
"4.3.34","35 to 44",3
"4.3.34","45 to 54",2
"4.3.34","55 to 64",1
"4.3.34","65+",0
"4.3.35","16 to 19",0
"4.3.35","20 to 24",0
"4.3.35","25 to 34",3
"4.3.35","35 to 44",2
"4.3.35","45 to 54",0
"4.3.35","55 to 64",0
"4.3.35","65+",0
"4.3.36","16 to 19",1
"4.3.36","20 to 24",5
"4.3.36","25 to 34",2
"4.3.36","35 to 44",3
"4.3.36","45 to 54",2
"4.3.36","55 to 64",0
"4.3.36","65+",0
"4.3.37","16 to 19",4
"4.3.37","20 to 24",20
"4.3.37","25 to 34",46
"4.3.37","35 to 44",44
"4.3.37","45 to 54",60
"4.3.37","55 to 64",41
"4.3.37","65+",9
"4.3.4","16 to 19",0
"4.3.4","20 to 24",0
"4.3.4","25 to 34",2
"4.3.4","35 to 44",0
"4.3.4","45 to 54",3
"4.3.4","55 to 64",2
"4.3.4","65+",0
"4.3.5","16 to 19",0
"4.3.5","20 to 24",4
"4.3.5","25 to 34",8
"4.3.5","35 to 44",8
"4.3.5","45 to 54",7
"4.3.5","55 to 64",6
"4.3.5","65+",2
"4.3.6","16 to 19",0
"4.3.6","20 to 24",1
"4.3.6","25 to 34",1
"4.3.6","35 to 44",1
"4.3.6","45 to 54",1
"4.3.6","55 to 64",1
"4.3.6","65+",1
"4.3.7","16 to 19",0
"4.3.7","20 to 24",0
"4.3.7","25 to 34",4
"4.3.7","35 to 44",2
"4.3.7","45 to 54",6
"4.3.7","55 to 64",2
"4.3.7","65+",0
"4.3.8","16 to 19",0
"4.3.8","20 to 24",0
"4.3.8","25 to 34",5
"4.3.8","35 to 44",4
"4.3.8","45 to 54",4
"4.3.8","55 to 64",4
"4.3.8","65+",0
"4.3.9","16 to 19",0
"4.3.9","20 to 24",2
"4.3.9","25 to 34",13
"4.3.9","35 to 44",10
"4.3.9","45 to 54",5
"4.3.9","55 to 64",3
"4.3.9","65+",1
"5.1.1","16 to 19",4
"5.1.1","20 to 24",24
"5.1.1","25 to 34",146
"5.1.1","35 to 44",194
"5.1.1","45 to 54",241
"5.1.1","55 to 64",158
"5.1.1","65+",22
"5.1.10","16 to 19",3
"5.1.10","20 to 24",18
"5.1.10","25 to 34",19
"5.1.10","35 to 44",20
"5.1.10","45 to 54",22
"5.1.10","55 to 64",11
"5.1.10","65+",3
"5.1.11","16 to 19",1
"5.1.11","20 to 24",4
"5.1.11","25 to 34",3
"5.1.11","35 to 44",3
"5.1.11","45 to 54",4
"5.1.11","55 to 64",2
"5.1.11","65+",0
"5.1.12","16 to 19",1
"5.1.12","20 to 24",10
"5.1.12","25 to 34",30
"5.1.12","35 to 44",30
"5.1.12","45 to 54",33
"5.1.12","55 to 64",20
"5.1.12","65+",4
"5.1.13","16 to 19",2
"5.1.13","20 to 24",5
"5.1.13","25 to 34",19
"5.1.13","35 to 44",25
"5.1.13","45 to 54",12
"5.1.13","55 to 64",9
"5.1.13","65+",1
"5.1.14","16 to 19",0
"5.1.14","20 to 24",2
"5.1.14","25 to 34",1
"5.1.14","35 to 44",5
"5.1.14","45 to 54",4
"5.1.14","55 to 64",2
"5.1.14","65+",0
"5.1.15","16 to 19",0
"5.1.15","20 to 24",0
"5.1.15","25 to 34",1
"5.1.15","35 to 44",1
"5.1.15","45 to 54",1
"5.1.15","55 to 64",1
"5.1.15","65+",1
"5.1.16","16 to 19",0
"5.1.16","20 to 24",0
"5.1.16","25 to 34",3
"5.1.16","35 to 44",1
"5.1.16","45 to 54",3
"5.1.16","55 to 64",3
"5.1.16","65+",0
"5.1.17","16 to 19",1
"5.1.17","20 to 24",11
"5.1.17","25 to 34",15
"5.1.17","35 to 44",17
"5.1.17","45 to 54",22
"5.1.17","55 to 64",17
"5.1.17","65+",2
"5.1.18","16 to 19",0
"5.1.18","20 to 24",0
"5.1.18","25 to 34",1
"5.1.18","35 to 44",0
"5.1.18","45 to 54",0
"5.1.18","55 to 64",0
"5.1.18","65+",0
"5.1.19","16 to 19",1
"5.1.19","20 to 24",5
"5.1.19","25 to 34",6
"5.1.19","35 to 44",7
"5.1.19","45 to 54",14
"5.1.19","55 to 64",9
"5.1.19","65+",3
"5.1.2","16 to 19",0
"5.1.2","20 to 24",2
"5.1.2","25 to 34",1
"5.1.2","35 to 44",1
"5.1.2","45 to 54",4
"5.1.2","55 to 64",5
"5.1.2","65+",2
"5.1.20","16 to 19",0
"5.1.20","20 to 24",4
"5.1.20","25 to 34",2
"5.1.20","35 to 44",1
"5.1.20","45 to 54",2
"5.1.20","55 to 64",0
"5.1.20","65+",0
"5.1.21","16 to 19",0
"5.1.21","20 to 24",0
"5.1.21","25 to 34",2
"5.1.21","35 to 44",0
"5.1.21","45 to 54",2
"5.1.21","55 to 64",0
"5.1.21","65+",1
"5.1.22","16 to 19",6
"5.1.22","20 to 24",33
"5.1.22","25 to 34",66
"5.1.22","35 to 44",90
"5.1.22","45 to 54",99
"5.1.22","55 to 64",83
"5.1.22","65+",13
"5.1.23","16 to 19",0
"5.1.23","20 to 24",5
"5.1.23","25 to 34",6
"5.1.23","35 to 44",6
"5.1.23","45 to 54",5
"5.1.23","55 to 64",4
"5.1.23","65+",0
"5.1.24","16 to 19",0
"5.1.24","20 to 24",1
"5.1.24","25 to 34",1
"5.1.24","35 to 44",1
"5.1.24","45 to 54",2
"5.1.24","55 to 64",1
"5.1.24","65+",0
"5.1.25","16 to 19",1
"5.1.25","20 to 24",2
"5.1.25","25 to 34",11
"5.1.25","35 to 44",10
"5.1.25","45 to 54",5
"5.1.25","55 to 64",10
"5.1.25","65+",1
"5.1.26","16 to 19",0
"5.1.26","20 to 24",0
"5.1.26","25 to 34",0
"5.1.26","35 to 44",0
"5.1.26","45 to 54",2
"5.1.26","55 to 64",1
"5.1.26","65+",0
"5.1.27","16 to 19",0
"5.1.27","20 to 24",1
"5.1.27","25 to 34",8
"5.1.27","35 to 44",18
"5.1.27","45 to 54",15
"5.1.27","55 to 64",20
"5.1.27","65+",5
"5.1.28","16 to 19",14
"5.1.28","20 to 24",67
"5.1.28","25 to 34",173
"5.1.28","35 to 44",142
"5.1.28","45 to 54",135
"5.1.28","55 to 64",73
"5.1.28","65+",13
"5.1.29","16 to 19",0
"5.1.29","20 to 24",0
"5.1.29","25 to 34",0
"5.1.29","35 to 44",0
"5.1.29","45 to 54",1
"5.1.29","55 to 64",1
"5.1.29","65+",0
"5.1.3","16 to 19",4
"5.1.3","20 to 24",10
"5.1.3","25 to 34",31
"5.1.3","35 to 44",34
"5.1.3","45 to 54",48
"5.1.3","55 to 64",30
"5.1.3","65+",7
"5.1.30","16 to 19",1
"5.1.30","20 to 24",1
"5.1.30","25 to 34",3
"5.1.30","35 to 44",1
"5.1.30","45 to 54",0
"5.1.30","55 to 64",3
"5.1.30","65+",0
"5.1.31","16 to 19",0
"5.1.31","20 to 24",1
"5.1.31","25 to 34",4
"5.1.31","35 to 44",4
"5.1.31","45 to 54",16
"5.1.31","55 to 64",4
"5.1.31","65+",1
"5.1.32","16 to 19",0
"5.1.32","20 to 24",1
"5.1.32","25 to 34",1
"5.1.32","35 to 44",4
"5.1.32","45 to 54",2
"5.1.32","55 to 64",2
"5.1.32","65+",1
"5.1.33","16 to 19",6
"5.1.33","20 to 24",29
"5.1.33","25 to 34",65
"5.1.33","35 to 44",68
"5.1.33","45 to 54",90
"5.1.33","55 to 64",73
"5.1.33","65+",10
"5.1.34","16 to 19",0
"5.1.34","20 to 24",2
"5.1.34","25 to 34",5
"5.1.34","35 to 44",3
"5.1.34","45 to 54",7
"5.1.34","55 to 64",4
"5.1.34","65+",3
"5.1.35","16 to 19",1
"5.1.35","20 to 24",18
"5.1.35","25 to 34",41
"5.1.35","35 to 44",40
"5.1.35","45 to 54",52
"5.1.35","55 to 64",27
"5.1.35","65+",7
"5.1.36","16 to 19",0
"5.1.36","20 to 24",1
"5.1.36","25 to 34",1
"5.1.36","35 to 44",4
"5.1.36","45 to 54",5
"5.1.36","55 to 64",8
"5.1.36","65+",2
"5.1.37","16 to 19",4
"5.1.37","20 to 24",7
"5.1.37","25 to 34",33
"5.1.37","35 to 44",29
"5.1.37","45 to 54",36
"5.1.37","55 to 64",35
"5.1.37","65+",12
"5.1.38","16 to 19",0
"5.1.38","20 to 24",1
"5.1.38","25 to 34",16
"5.1.38","35 to 44",10
"5.1.38","45 to 54",12
"5.1.38","55 to 64",5
"5.1.38","65+",3
"5.1.39","16 to 19",2
"5.1.39","20 to 24",6
"5.1.39","25 to 34",18
"5.1.39","35 to 44",27
"5.1.39","45 to 54",44
"5.1.39","55 to 64",48
"5.1.39","65+",13
"5.1.4","16 to 19",0
"5.1.4","20 to 24",0
"5.1.4","25 to 34",3
"5.1.4","35 to 44",1
"5.1.4","45 to 54",2
"5.1.4","55 to 64",3
"5.1.4","65+",0
"5.1.40","16 to 19",0
"5.1.40","20 to 24",0
"5.1.40","25 to 34",0
"5.1.40","35 to 44",0
"5.1.40","45 to 54",1
"5.1.40","55 to 64",1
"5.1.40","65+",1
"5.1.41","16 to 19",1
"5.1.41","20 to 24",0
"5.1.41","25 to 34",0
"5.1.41","35 to 44",1
"5.1.41","45 to 54",0
"5.1.41","55 to 64",0
"5.1.41","65+",0
"5.1.42","16 to 19",1
"5.1.42","20 to 24",1
"5.1.42","25 to 34",10
"5.1.42","35 to 44",15
"5.1.42","45 to 54",27
"5.1.42","55 to 64",28
"5.1.42","65+",9
"5.1.43","16 to 19",0
"5.1.43","20 to 24",0
"5.1.43","25 to 34",1
"5.1.43","35 to 44",0
"5.1.43","45 to 54",1
"5.1.43","55 to 64",1
"5.1.43","65+",0
"5.1.44","16 to 19",0
"5.1.44","20 to 24",0
"5.1.44","25 to 34",2
"5.1.44","35 to 44",1
"5.1.44","45 to 54",0
"5.1.44","55 to 64",2
"5.1.44","65+",0
"5.1.45","16 to 19",0
"5.1.45","20 to 24",1
"5.1.45","25 to 34",2
"5.1.45","35 to 44",2
"5.1.45","45 to 54",3
"5.1.45","55 to 64",2
"5.1.45","65+",2
"5.1.46","16 to 19",0
"5.1.46","20 to 24",1
"5.1.46","25 to 34",1
"5.1.46","35 to 44",7
"5.1.46","45 to 54",2
"5.1.46","55 to 64",0
"5.1.46","65+",1
"5.1.47","16 to 19",0
"5.1.47","20 to 24",0
"5.1.47","25 to 34",0
"5.1.47","35 to 44",0
"5.1.47","45 to 54",0
"5.1.47","55 to 64",0
"5.1.47","65+",0
"5.1.48","16 to 19",0
"5.1.48","20 to 24",0
"5.1.48","25 to 34",0
"5.1.48","35 to 44",0
"5.1.48","45 to 54",0
"5.1.48","55 to 64",1
"5.1.48","65+",0
"5.1.49","16 to 19",1
"5.1.49","20 to 24",4
"5.1.49","25 to 34",4
"5.1.49","35 to 44",4
"5.1.49","45 to 54",17
"5.1.49","55 to 64",7
"5.1.49","65+",5
"5.1.5","16 to 19",0
"5.1.5","20 to 24",3
"5.1.5","25 to 34",6
"5.1.5","35 to 44",7
"5.1.5","45 to 54",5
"5.1.5","55 to 64",3
"5.1.5","65+",0
"5.1.50","16 to 19",1
"5.1.50","20 to 24",1
"5.1.50","25 to 34",1
"5.1.50","35 to 44",5
"5.1.50","45 to 54",2
"5.1.50","55 to 64",4
"5.1.50","65+",0
"5.1.51","16 to 19",2
"5.1.51","20 to 24",2
"5.1.51","25 to 34",10
"5.1.51","35 to 44",12
"5.1.51","45 to 54",14
"5.1.51","55 to 64",8
"5.1.51","65+",2
"5.1.52","16 to 19",1
"5.1.52","20 to 24",0
"5.1.52","25 to 34",2
"5.1.52","35 to 44",0
"5.1.52","45 to 54",3
"5.1.52","55 to 64",1
"5.1.52","65+",0
"5.1.53","16 to 19",0
"5.1.53","20 to 24",1
"5.1.53","25 to 34",0
"5.1.53","35 to 44",0
"5.1.53","45 to 54",0
"5.1.53","55 to 64",0
"5.1.53","65+",0
"5.1.54","16 to 19",1
"5.1.54","20 to 24",2
"5.1.54","25 to 34",7
"5.1.54","35 to 44",7
"5.1.54","45 to 54",4
"5.1.54","55 to 64",6
"5.1.54","65+",4
"5.1.55","16 to 19",1
"5.1.55","20 to 24",1
"5.1.55","25 to 34",5
"5.1.55","35 to 44",6
"5.1.55","45 to 54",5
"5.1.55","55 to 64",1
"5.1.55","65+",0
"5.1.56","16 to 19",0
"5.1.56","20 to 24",2
"5.1.56","25 to 34",2
"5.1.56","35 to 44",4
"5.1.56","45 to 54",9
"5.1.56","55 to 64",7
"5.1.56","65+",4
"5.1.57","16 to 19",0
"5.1.57","20 to 24",1
"5.1.57","25 to 34",14
"5.1.57","35 to 44",10
"5.1.57","45 to 54",10
"5.1.57","55 to 64",10
"5.1.57","65+",1
"5.1.58","16 to 19",0
"5.1.58","20 to 24",3
"5.1.58","25 to 34",12
"5.1.58","35 to 44",21
"5.1.58","45 to 54",30
"5.1.58","55 to 64",27
"5.1.58","65+",4
"5.1.59","16 to 19",0
"5.1.59","20 to 24",2
"5.1.59","25 to 34",11
"5.1.59","35 to 44",14
"5.1.59","45 to 54",24
"5.1.59","55 to 64",19
"5.1.59","65+",2
"5.1.6","16 to 19",24
"5.1.6","20 to 24",123
"5.1.6","25 to 34",238
"5.1.6","35 to 44",204
"5.1.6","45 to 54",204
"5.1.6","55 to 64",176
"5.1.6","65+",33
"5.1.60","16 to 19",0
"5.1.60","20 to 24",2
"5.1.60","25 to 34",13
"5.1.60","35 to 44",10
"5.1.60","45 to 54",5
"5.1.60","55 to 64",11
"5.1.60","65+",0
"5.1.61","16 to 19",0
"5.1.61","20 to 24",4
"5.1.61","25 to 34",18
"5.1.61","35 to 44",15
"5.1.61","45 to 54",17
"5.1.61","55 to 64",7
"5.1.61","65+",1
"5.1.62","16 to 19",1
"5.1.62","20 to 24",8
"5.1.62","25 to 34",15
"5.1.62","35 to 44",15
"5.1.62","45 to 54",17
"5.1.62","55 to 64",12
"5.1.62","65+",1
"5.1.63","16 to 19",2
"5.1.63","20 to 24",9
"5.1.63","25 to 34",7
"5.1.63","35 to 44",17
"5.1.63","45 to 54",15
"5.1.63","55 to 64",9
"5.1.63","65+",2
"5.1.64","16 to 19",1
"5.1.64","20 to 24",5
"5.1.64","25 to 34",6
"5.1.64","35 to 44",13
"5.1.64","45 to 54",7
"5.1.64","55 to 64",7
"5.1.64","65+",1
"5.1.65","16 to 19",0
"5.1.65","20 to 24",0
"5.1.65","25 to 34",4
"5.1.65","35 to 44",1
"5.1.65","45 to 54",2
"5.1.65","55 to 64",1
"5.1.65","65+",0
"5.1.66","16 to 19",6
"5.1.66","20 to 24",63
"5.1.66","25 to 34",181
"5.1.66","35 to 44",153
"5.1.66","45 to 54",171
"5.1.66","55 to 64",146
"5.1.66","65+",31
"5.1.67","16 to 19",0
"5.1.67","20 to 24",2
"5.1.67","25 to 34",7
"5.1.67","35 to 44",8
"5.1.67","45 to 54",12
"5.1.67","55 to 64",13
"5.1.67","65+",2
"5.1.68","16 to 19",1
"5.1.68","20 to 24",8
"5.1.68","25 to 34",15
"5.1.68","35 to 44",22
"5.1.68","45 to 54",14
"5.1.68","55 to 64",20
"5.1.68","65+",6
"5.1.69","16 to 19",6
"5.1.69","20 to 24",31
"5.1.69","25 to 34",47
"5.1.69","35 to 44",64
"5.1.69","45 to 54",62
"5.1.69","55 to 64",41
"5.1.69","65+",8
"5.1.7","16 to 19",8
"5.1.7","20 to 24",36
"5.1.7","25 to 34",58
"5.1.7","35 to 44",32
"5.1.7","45 to 54",52
"5.1.7","55 to 64",27
"5.1.7","65+",11
"5.1.70","16 to 19",4
"5.1.70","20 to 24",15
"5.1.70","25 to 34",38
"5.1.70","35 to 44",40
"5.1.70","45 to 54",33
"5.1.70","55 to 64",23
"5.1.70","65+",3
"5.1.71","16 to 19",0
"5.1.71","20 to 24",6
"5.1.71","25 to 34",8
"5.1.71","35 to 44",4
"5.1.71","45 to 54",5
"5.1.71","55 to 64",4
"5.1.71","65+",0
"5.1.72","16 to 19",0
"5.1.72","20 to 24",0
"5.1.72","25 to 34",0
"5.1.72","35 to 44",1
"5.1.72","45 to 54",0
"5.1.72","55 to 64",0
"5.1.72","65+",0
"5.1.73","16 to 19",0
"5.1.73","20 to 24",1
"5.1.73","25 to 34",0
"5.1.73","35 to 44",2
"5.1.73","45 to 54",2
"5.1.73","55 to 64",0
"5.1.73","65+",0
"5.1.74","16 to 19",0
"5.1.74","20 to 24",1
"5.1.74","25 to 34",0
"5.1.74","35 to 44",3
"5.1.74","45 to 54",1
"5.1.74","55 to 64",1
"5.1.74","65+",0
"5.1.75","16 to 19",0
"5.1.75","20 to 24",0
"5.1.75","25 to 34",3
"5.1.75","35 to 44",1
"5.1.75","45 to 54",0
"5.1.75","55 to 64",0
"5.1.75","65+",0
"5.1.76","16 to 19",0
"5.1.76","20 to 24",0
"5.1.76","25 to 34",1
"5.1.76","35 to 44",1
"5.1.76","45 to 54",5
"5.1.76","55 to 64",4
"5.1.76","65+",0
"5.1.77","16 to 19",0
"5.1.77","20 to 24",2
"5.1.77","25 to 34",6
"5.1.77","35 to 44",7
"5.1.77","45 to 54",7
"5.1.77","55 to 64",7
"5.1.77","65+",2
"5.1.78","16 to 19",0
"5.1.78","20 to 24",0
"5.1.78","25 to 34",9
"5.1.78","35 to 44",9
"5.1.78","45 to 54",6
"5.1.78","55 to 64",5
"5.1.78","65+",2
"5.1.79","16 to 19",0
"5.1.79","20 to 24",1
"5.1.79","25 to 34",2
"5.1.79","35 to 44",6
"5.1.79","45 to 54",1
"5.1.79","55 to 64",1
"5.1.79","65+",0
"5.1.8","16 to 19",10
"5.1.8","20 to 24",50
"5.1.8","25 to 34",89
"5.1.8","35 to 44",61
"5.1.8","45 to 54",69
"5.1.8","55 to 64",42
"5.1.8","65+",11
"5.1.80","16 to 19",5
"5.1.80","20 to 24",8
"5.1.80","25 to 34",17
"5.1.80","35 to 44",8
"5.1.80","45 to 54",7
"5.1.80","55 to 64",8
"5.1.80","65+",1
"5.1.81","16 to 19",21
"5.1.81","20 to 24",106
"5.1.81","25 to 34",198
"5.1.81","35 to 44",215
"5.1.81","45 to 54",223
"5.1.81","55 to 64",146
"5.1.81","65+",40
"5.1.9","16 to 19",0
"5.1.9","20 to 24",2
"5.1.9","25 to 34",2
"5.1.9","35 to 44",3
"5.1.9","45 to 54",2
"5.1.9","55 to 64",1
"5.1.9","65+",0
"5.2.1","16 to 19",1
"5.2.1","20 to 24",10
"5.2.1","25 to 34",45
"5.2.1","35 to 44",39
"5.2.1","45 to 54",61
"5.2.1","55 to 64",36
"5.2.1","65+",8
"5.2.10","16 to 19",0
"5.2.10","20 to 24",2
"5.2.10","25 to 34",7
"5.2.10","35 to 44",22
"5.2.10","45 to 54",13
"5.2.10","55 to 64",11
"5.2.10","65+",1
"5.2.11","16 to 19",0
"5.2.11","20 to 24",0
"5.2.11","25 to 34",1
"5.2.11","35 to 44",2
"5.2.11","45 to 54",3
"5.2.11","55 to 64",4
"5.2.11","65+",0
"5.2.12","16 to 19",0
"5.2.12","20 to 24",3
"5.2.12","25 to 34",13
"5.2.12","35 to 44",12
"5.2.12","45 to 54",13
"5.2.12","55 to 64",5
"5.2.12","65+",1
"5.2.13","16 to 19",0
"5.2.13","20 to 24",2
"5.2.13","25 to 34",5
"5.2.13","35 to 44",6
"5.2.13","45 to 54",3
"5.2.13","55 to 64",2
"5.2.13","65+",2
"5.2.14","16 to 19",2
"5.2.14","20 to 24",9
"5.2.14","25 to 34",4
"5.2.14","35 to 44",4
"5.2.14","45 to 54",3
"5.2.14","55 to 64",4
"5.2.14","65+",1
"5.2.15","16 to 19",0
"5.2.15","20 to 24",2
"5.2.15","25 to 34",7
"5.2.15","35 to 44",10
"5.2.15","45 to 54",14
"5.2.15","55 to 64",7
"5.2.15","65+",2
"5.2.16","16 to 19",0
"5.2.16","20 to 24",0
"5.2.16","25 to 34",1
"5.2.16","35 to 44",3
"5.2.16","45 to 54",2
"5.2.16","55 to 64",2
"5.2.16","65+",0
"5.2.17","16 to 19",0
"5.2.17","20 to 24",0
"5.2.17","25 to 34",0
"5.2.17","35 to 44",0
"5.2.17","45 to 54",1
"5.2.17","55 to 64",4
"5.2.17","65+",0
"5.2.18","16 to 19",4
"5.2.18","20 to 24",24
"5.2.18","25 to 34",17
"5.2.18","35 to 44",9
"5.2.18","45 to 54",10
"5.2.18","55 to 64",11
"5.2.18","65+",3
"5.2.19","16 to 19",5
"5.2.19","20 to 24",30
"5.2.19","25 to 34",24
"5.2.19","35 to 44",18
"5.2.19","45 to 54",9
"5.2.19","55 to 64",10
"5.2.19","65+",1
"5.2.2","16 to 19",0
"5.2.2","20 to 24",3
"5.2.2","25 to 34",17
"5.2.2","35 to 44",39
"5.2.2","45 to 54",41
"5.2.2","55 to 64",28
"5.2.2","65+",6
"5.2.20","16 to 19",0
"5.2.20","20 to 24",4
"5.2.20","25 to 34",7
"5.2.20","35 to 44",13
"5.2.20","45 to 54",13
"5.2.20","55 to 64",9
"5.2.20","65+",3
"5.2.21","16 to 19",0
"5.2.21","20 to 24",4
"5.2.21","25 to 34",4
"5.2.21","35 to 44",3
"5.2.21","45 to 54",5
"5.2.21","55 to 64",7
"5.2.21","65+",4
"5.2.22","16 to 19",0
"5.2.22","20 to 24",4
"5.2.22","25 to 34",6
"5.2.22","35 to 44",6
"5.2.22","45 to 54",6
"5.2.22","55 to 64",2
"5.2.22","65+",2
"5.2.23","16 to 19",0
"5.2.23","20 to 24",1
"5.2.23","25 to 34",0
"5.2.23","35 to 44",1
"5.2.23","45 to 54",1
"5.2.23","55 to 64",2
"5.2.23","65+",0
"5.2.24","16 to 19",0
"5.2.24","20 to 24",3
"5.2.24","25 to 34",19
"5.2.24","35 to 44",19
"5.2.24","45 to 54",18
"5.2.24","55 to 64",13
"5.2.24","65+",2
"5.2.25","16 to 19",1
"5.2.25","20 to 24",5
"5.2.25","25 to 34",8
"5.2.25","35 to 44",6
"5.2.25","45 to 54",13
"5.2.25","55 to 64",7
"5.2.25","65+",4
"5.2.26","16 to 19",0
"5.2.26","20 to 24",2
"5.2.26","25 to 34",1
"5.2.26","35 to 44",1
"5.2.26","45 to 54",2
"5.2.26","55 to 64",1
"5.2.26","65+",0
"5.2.27","16 to 19",6
"5.2.27","20 to 24",52
"5.2.27","25 to 34",143
"5.2.27","35 to 44",130
"5.2.27","45 to 54",140
"5.2.27","55 to 64",80
"5.2.27","65+",12
"5.2.28","16 to 19",50
"5.2.28","20 to 24",83
"5.2.28","25 to 34",85
"5.2.28","35 to 44",58
"5.2.28","45 to 54",53
"5.2.28","55 to 64",35
"5.2.28","65+",12
"5.2.29","16 to 19",154
"5.2.29","20 to 24",324
"5.2.29","25 to 34",430
"5.2.29","35 to 44",335
"5.2.29","45 to 54",330
"5.2.29","55 to 64",238
"5.2.29","65+",55
"5.2.3","16 to 19",0
"5.2.3","20 to 24",0
"5.2.3","25 to 34",10
"5.2.3","35 to 44",5
"5.2.3","45 to 54",11
"5.2.3","55 to 64",4
"5.2.3","65+",1
"5.2.30","16 to 19",0
"5.2.30","20 to 24",3
"5.2.30","25 to 34",3
"5.2.30","35 to 44",5
"5.2.30","45 to 54",1
"5.2.30","55 to 64",4
"5.2.30","65+",0
"5.2.31","16 to 19",57
"5.2.31","20 to 24",72
"5.2.31","25 to 34",100
"5.2.31","35 to 44",94
"5.2.31","45 to 54",110
"5.2.31","55 to 64",57
"5.2.31","65+",16
"5.2.32","16 to 19",0
"5.2.32","20 to 24",2
"5.2.32","25 to 34",9
"5.2.32","35 to 44",1
"5.2.32","45 to 54",8
"5.2.32","55 to 64",5
"5.2.32","65+",1
"5.2.33","16 to 19",2
"5.2.33","20 to 24",8
"5.2.33","25 to 34",20
"5.2.33","35 to 44",17
"5.2.33","45 to 54",21
"5.2.33","55 to 64",10
"5.2.33","65+",5
"5.2.34","16 to 19",0
"5.2.34","20 to 24",0
"5.2.34","25 to 34",1
"5.2.34","35 to 44",0
"5.2.34","45 to 54",0
"5.2.34","55 to 64",0
"5.2.34","65+",0
"5.2.35","16 to 19",0
"5.2.35","20 to 24",0
"5.2.35","25 to 34",3
"5.2.35","35 to 44",0
"5.2.35","45 to 54",2
"5.2.35","55 to 64",1
"5.2.35","65+",0
"5.2.36","16 to 19",1
"5.2.36","20 to 24",2
"5.2.36","25 to 34",8
"5.2.36","35 to 44",8
"5.2.36","45 to 54",8
"5.2.36","55 to 64",14
"5.2.36","65+",1
"5.2.4","16 to 19",0
"5.2.4","20 to 24",6
"5.2.4","25 to 34",10
"5.2.4","35 to 44",19
"5.2.4","45 to 54",33
"5.2.4","55 to 64",21
"5.2.4","65+",3
"5.2.5","16 to 19",0
"5.2.5","20 to 24",1
"5.2.5","25 to 34",5
"5.2.5","35 to 44",2
"5.2.5","45 to 54",5
"5.2.5","55 to 64",4
"5.2.5","65+",2
"5.2.6","16 to 19",1
"5.2.6","20 to 24",11
"5.2.6","25 to 34",56
"5.2.6","35 to 44",98
"5.2.6","45 to 54",159
"5.2.6","55 to 64",165
"5.2.6","65+",95
"5.2.7","16 to 19",53
"5.2.7","20 to 24",193
"5.2.7","25 to 34",559
"5.2.7","35 to 44",772
"5.2.7","45 to 54",933
"5.2.7","55 to 64",684
"5.2.7","65+",211
"5.2.8","16 to 19",0
"5.2.8","20 to 24",10
"5.2.8","25 to 34",69
"5.2.8","35 to 44",78
"5.2.8","45 to 54",91
"5.2.8","55 to 64",88
"5.2.8","65+",47
"5.2.9","16 to 19",0
"5.2.9","20 to 24",4
"5.2.9","25 to 34",5
"5.2.9","35 to 44",8
"5.2.9","45 to 54",15
"5.2.9","55 to 64",8
"5.2.9","65+",21
